Age,Gender,Income,Occupation,Location,Purchases,Frequency,Amount_Spent,Product_Type,Clicks,Website_Visits,Marketing_Response,Social_Media_Activity,Time_on_Website,Feedback_Score
47,Non-binary,88761,Unemployed,Rural,11,8,1231.1,Clothing,5,14,Neutral,165,9.57,3
62,Female,140853,Engineer,Rural,2,10,1230,Clothing,12,47,Neutral,100,12.11,1
39,Male,108505,Doctor,Rural,7,6,1240.34,Electronics,60,25,Positive,40,10.64,6
22,Male,100086,Retail,Urban,31,11,475.3,Electronics,77,32,Positive,129,8.84,1
38,Female,48743,Retail,Urban,29,9,1713.46,Electronics,71,25,Negative,96,7.15,7
60,Non-binary,33313,Student,Suburban,32,7,286.28,Clothing,28,28,Negative,39,12.95,8
27,Female,43101,Doctor,Suburban,46,6,1645.93,Beauty,82,14,Positive,63,4.17,7
53,Non-binary,92948,Engineer,Urban,45,10,1505.9,Electronics,60,48,Neutral,21,9.28,3
46,Non-binary,95707,Teacher,Suburban,49,8,1973.09,Furniture,46,1,Positive,82,3.09,3
59,Non-binary,45367,Engineer,Urban,45,6,1648.68,Beauty,38,46,Negative,63,3.61,4
24,Non-binary,88057,Doctor,Urban,14,3,611.63,Electronics,87,29,Negative,83,4.04,4
60,Non-binary,88482,Engineer,Rural,7,4,263.35,Furniture,39,2,Neutral,17,6.22,4
33,Female,92274,Unemployed,Urban,17,8,1590.21,Beauty,8,46,Negative,177,8.96,4
21,Female,33382,Retail,Suburban,38,3,414.63,Grocery,4,31,Negative,161,8.3,3
26,Male,22152,Student,Urban,19,11,1571.42,Electronics,84,34,Positive,171,7.61,2
27,Female,100100,Teacher,Suburban,29,9,945.97,Grocery,18,22,Negative,63,2.34,8
53,Female,24613,Doctor,Suburban,47,1,304.52,Clothing,37,23,Positive,185,12.57,1
26,Female,149099,Retail,Urban,29,7,379.71,Electronics,53,8,Negative,24,14.81,6
29,Non-binary,105266,Teacher,Suburban,33,7,36.08,Beauty,43,10,Positive,187,12.43,1
32,Male,111315,Doctor,Suburban,40,4,1754.93,Beauty,60,23,Negative,173,1.26,9
65,Female,56939,Doctor,Rural,14,3,1842,Clothing,90,5,Neutral,102,14.81,6
40,Female,134757,Teacher,Urban,10,9,1364.18,Beauty,31,1,Negative,21,8.08,8
46,Male,121607,Engineer,Urban,16,4,465.24,Beauty,80,1,Negative,8,6.73,2
30,Female,139806,Doctor,Suburban,23,3,1709.07,Furniture,42,28,Positive,184,3.67,2
41,Female,79476,Teacher,Suburban,13,10,109.99,Electronics,27,33,Neutral,107,9.87,7
66,Non-binary,26949,Retail,Urban,14,9,1459.82,Grocery,50,18,Negative,191,11.7,5
32,Female,103490,Student,Suburban,31,6,855.4,Beauty,83,5,Positive,72,14.73,4
42,Male,109805,Unemployed,Rural,43,4,972.53,Electronics,97,27,Negative,177,8.71,1
36,Male,67337,Engineer,Rural,29,8,1915.37,Grocery,59,12,Negative,98,13.87,8
39,Non-binary,131157,Student,Urban,20,4,1824.38,Clothing,50,38,Negative,97,9.92,3
59,Female,43844,Teacher,Suburban,36,2,1081.84,Grocery,88,12,Negative,78,4.66,4
57,Male,53577,Engineer,Suburban,30,10,331.15,Clothing,9,6,Neutral,143,10.44,6
51,Female,112299,Engineer,Suburban,27,10,924.6,Beauty,44,0,Positive,94,10.56,6
25,Female,141341,Unemployed,Suburban,17,11,1750.83,Clothing,53,19,Positive,165,5.32,1
66,Male,77125,Teacher,Urban,43,7,666.39,Clothing,60,24,Positive,76,14.87,4
57,Male,51650,Student,Urban,23,4,812.63,Clothing,69,30,Negative,65,9.22,8
66,Female,75590,Engineer,Urban,5,2,1557.59,Furniture,21,1,Positive,68,4.31,3
53,Male,31205,Teacher,Urban,49,9,305.62,Grocery,49,48,Positive,103,14.25,5
35,Male,87917,Student,Rural,18,9,1278.6,Clothing,40,36,Positive,125,0.71,7
66,Non-binary,140809,Unemployed,Urban,20,4,401.86,Beauty,97,14,Neutral,134,4.11,5
51,Female,89564,Student,Urban,45,8,126.91,Electronics,86,32,Positive,27,10.05,2
27,Non-binary,23141,Engineer,Urban,44,1,1455.5,Electronics,10,16,Positive,49,4.39,8
58,Male,100298,Student,Suburban,41,6,1776.05,Furniture,77,45,Positive,139,4.36,4
43,Female,129044,Student,Urban,39,1,1953.67,Beauty,22,36,Neutral,173,5.59,5
30,Female,72127,Doctor,Suburban,27,11,230.5,Electronics,78,3,Positive,182,3.9,9
33,Male,71250,Retail,Suburban,26,11,1158.26,Grocery,12,26,Negative,94,6.3,3
30,Non-binary,24611,Engineer,Urban,8,11,323.44,Grocery,68,23,Positive,52,1.26,6
54,Male,94897,Unemployed,Suburban,13,8,533.55,Clothing,57,44,Neutral,77,6.98,5
32,Non-binary,49473,Student,Urban,47,9,1538.72,Beauty,31,3,Negative,144,14.04,1
31,Non-binary,58379,Doctor,Rural,21,6,883.79,Beauty,44,5,Negative,86,13.03,3
25,Female,47926,Teacher,Urban,31,8,1083.64,Beauty,40,1,Positive,87,11.44,1
41,Female,76414,Retail,Urban,11,11,1734.23,Beauty,62,9,Positive,51,1.77,3
31,Female,63160,Student,Urban,34,1,379.88,Furniture,86,8,Negative,145,10.5,8
31,Female,140640,Doctor,Urban,13,4,1567.59,Electronics,27,42,Positive,193,10.35,4
26,Female,78486,Doctor,Urban,11,4,1727.7,Beauty,94,24,Positive,72,5.46,3
67,Non-binary,148911,Unemployed,Suburban,18,2,1977.35,Grocery,26,27,Neutral,96,7.6,8
58,Non-binary,97820,Retail,Urban,19,10,592.63,Furniture,55,27,Neutral,62,7.47,4
39,Male,50737,Student,Rural,30,5,508.97,Furniture,99,27,Negative,22,7.99,5
21,Non-binary,68400,Retail,Suburban,26,6,1877.57,Beauty,58,42,Negative,48,4.12,8
42,Non-binary,64149,Engineer,Rural,22,3,1850.08,Grocery,5,22,Positive,189,3.25,7
69,Non-binary,104785,Student,Suburban,29,6,1984.87,Grocery,45,25,Neutral,186,3.21,4
41,Female,99957,Unemployed,Urban,29,9,163.92,Beauty,68,2,Neutral,29,1.4,4
30,Non-binary,108788,Student,Suburban,25,9,977.66,Electronics,60,33,Neutral,117,14.36,1
38,Non-binary,129509,Unemployed,Suburban,22,3,851.64,Clothing,87,41,Negative,102,12.83,7
43,Female,27627,Student,Urban,23,6,481.22,Furniture,72,19,Positive,52,12.9,2
21,Female,114221,Unemployed,Suburban,40,4,22.3,Electronics,72,16,Negative,92,8.56,5
56,Female,119948,Unemployed,Rural,37,11,1673.34,Clothing,45,33,Neutral,50,8.65,1
61,Non-binary,99382,Engineer,Suburban,34,2,992.4,Grocery,3,37,Negative,99,11.37,9
38,Non-binary,90073,Unemployed,Rural,40,5,917.49,Grocery,20,38,Positive,62,3.88,5
23,Male,20040,Teacher,Urban,2,5,806.62,Furniture,38,11,Positive,60,9.95,4
41,Female,68347,Engineer,Suburban,37,5,577.67,Beauty,17,38,Negative,139,12,3
29,Female,106093,Retail,Suburban,38,10,93.68,Grocery,13,45,Negative,129,11.2,4
53,Male,55651,Student,Urban,10,6,1587.26,Furniture,73,37,Neutral,33,1.28,7
54,Non-binary,63394,Retail,Rural,16,10,495.2,Grocery,71,5,Negative,71,0.53,8
29,Non-binary,50262,Teacher,Rural,23,8,1444.17,Electronics,86,13,Neutral,115,3.37,6
58,Male,138522,Doctor,Rural,18,10,1239.46,Beauty,39,28,Negative,117,7.78,5
57,Female,51283,Teacher,Rural,14,8,1918.14,Beauty,17,32,Negative,192,3.05,5
23,Non-binary,29501,Doctor,Suburban,26,4,601.02,Electronics,39,24,Positive,185,3.38,4
57,Male,59610,Unemployed,Rural,40,3,193.78,Clothing,1,45,Negative,34,10.07,5
40,Male,88538,Retail,Suburban,30,4,1653.66,Clothing,25,40,Negative,41,12,9
29,Non-binary,146090,Unemployed,Urban,31,8,1314.04,Grocery,0,31,Negative,18,7.39,9
23,Male,147454,Doctor,Rural,33,7,1212.71,Beauty,85,6,Positive,95,7.98,9
38,Non-binary,78935,Student,Urban,33,3,439.82,Clothing,95,38,Negative,29,3.95,3
21,Non-binary,47028,Teacher,Rural,21,5,1456.87,Grocery,60,5,Negative,80,12.38,7
52,Male,91556,Doctor,Suburban,36,1,1759.1,Beauty,97,37,Neutral,33,12.33,5
42,Male,89722,Unemployed,Suburban,44,3,1998.37,Grocery,61,17,Neutral,47,12.72,5
67,Male,85211,Student,Suburban,8,11,1521.52,Electronics,79,26,Negative,22,9.95,1
61,Female,47477,Retail,Rural,38,10,277.28,Electronics,18,35,Positive,40,11.13,9
29,Female,101766,Retail,Urban,25,9,1547.7,Grocery,62,23,Neutral,116,4.51,9
34,Female,41150,Unemployed,Suburban,48,11,1638.29,Clothing,50,15,Neutral,116,10.66,9
65,Non-binary,25977,Engineer,Rural,38,4,500.96,Furniture,43,36,Negative,121,13.06,7
40,Non-binary,129893,Student,Rural,10,7,1105.11,Grocery,38,1,Neutral,96,11.78,1
48,Non-binary,135376,Teacher,Suburban,48,3,188.43,Beauty,67,29,Neutral,120,5.85,8
56,Male,60754,Doctor,Suburban,18,1,1950.83,Clothing,65,36,Neutral,149,9.8,5
34,Female,100059,Unemployed,Suburban,18,4,689.24,Grocery,81,5,Positive,135,7.44,2
40,Non-binary,37770,Doctor,Suburban,30,6,1752.22,Beauty,48,37,Neutral,31,1.9,8
60,Non-binary,105187,Retail,Rural,39,7,394.84,Electronics,76,4,Negative,164,10.16,5
66,Non-binary,74220,Teacher,Suburban,9,2,708.97,Beauty,11,23,Positive,170,4.82,2
42,Female,139885,Teacher,Suburban,31,5,1751.5,Grocery,95,17,Positive,150,13.73,9
22,Male,78729,Teacher,Rural,39,2,348.36,Grocery,13,2,Negative,11,13.48,1
65,Male,69388,Doctor,Urban,3,11,434.02,Grocery,70,9,Positive,199,9.46,6
47,Male,148415,Doctor,Rural,19,2,1344.06,Electronics,31,3,Positive,54,2.53,4
19,Female,66385,Engineer,Rural,3,8,297.66,Electronics,77,22,Neutral,148,1.94,7
62,Male,112609,Doctor,Rural,26,8,370.69,Furniture,40,45,Positive,136,4.23,7
51,Non-binary,137367,Doctor,Rural,2,10,1969.83,Electronics,17,40,Neutral,192,10.49,8
25,Non-binary,109714,Engineer,Rural,13,3,1436.33,Beauty,38,8,Positive,54,14.53,4
50,Female,61219,Retail,Rural,18,9,995.88,Clothing,48,22,Positive,0,11.53,8
66,Non-binary,139880,Unemployed,Suburban,35,2,1584.25,Clothing,60,3,Neutral,171,14.93,7
44,Male,25056,Engineer,Rural,18,9,1380.66,Clothing,57,44,Negative,177,12.04,8
61,Male,93342,Teacher,Suburban,38,11,1010.89,Electronics,78,39,Positive,81,11.65,4
67,Female,92901,Unemployed,Suburban,19,11,1162.29,Clothing,83,35,Neutral,184,11.61,9
59,Non-binary,137090,Retail,Urban,20,2,1107.01,Grocery,0,0,Negative,107,0.9,8
42,Male,56765,Retail,Suburban,49,7,1392.25,Electronics,91,9,Positive,104,10.09,8
59,Non-binary,93419,Teacher,Urban,38,11,512.75,Beauty,33,42,Negative,154,9.78,9
30,Non-binary,110517,Unemployed,Urban,21,1,300.37,Clothing,75,8,Neutral,78,4.29,2
68,Male,87049,Engineer,Suburban,45,6,1176.15,Electronics,10,44,Neutral,172,11.16,1
38,Non-binary,100580,Teacher,Urban,39,2,1180.08,Furniture,31,23,Neutral,112,12.17,6
67,Non-binary,146352,Retail,Rural,40,10,954.64,Furniture,26,39,Neutral,132,3.68,9
41,Female,25448,Teacher,Rural,17,6,1285.27,Clothing,92,27,Positive,187,6.93,3
44,Non-binary,101838,Engineer,Urban,27,9,659.64,Beauty,63,40,Negative,172,9.27,3
37,Male,91327,Doctor,Rural,12,4,1161.42,Beauty,32,24,Positive,73,8.66,2
37,Non-binary,63998,Engineer,Rural,48,10,1812.29,Beauty,88,5,Negative,36,9.78,6
55,Female,54638,Student,Rural,45,5,1540.55,Electronics,73,27,Positive,195,6.02,4
20,Male,90537,Teacher,Suburban,26,11,1851.38,Electronics,3,29,Negative,191,8.42,8
33,Non-binary,121321,Unemployed,Suburban,28,8,1079.49,Furniture,22,31,Positive,37,8.4,6
40,Non-binary,52902,Teacher,Suburban,39,4,540.54,Electronics,29,33,Negative,169,0.51,3
47,Female,91354,Teacher,Suburban,49,2,1460.35,Electronics,12,32,Negative,70,7.5,9
51,Male,121972,Teacher,Rural,6,5,1552.12,Clothing,48,28,Negative,172,10.62,3
41,Female,80211,Retail,Urban,5,10,1761.73,Grocery,70,33,Neutral,42,1.28,8
41,Female,83461,Doctor,Urban,9,5,444.02,Electronics,65,23,Positive,35,9.15,8
28,Non-binary,76991,Doctor,Rural,17,11,1291.11,Beauty,45,14,Positive,98,11.65,8
18,Male,121458,Engineer,Urban,39,2,327.27,Clothing,69,16,Positive,156,11.89,7
21,Female,108727,Engineer,Suburban,37,2,829.95,Electronics,74,16,Negative,60,11.69,8
33,Female,84671,Unemployed,Urban,21,8,1038.96,Furniture,10,43,Positive,43,5.84,5
19,Male,85679,Student,Urban,2,11,682.21,Furniture,39,46,Negative,161,6.43,3
39,Non-binary,77471,Engineer,Suburban,24,8,377.52,Electronics,85,13,Positive,122,5.04,4
24,Non-binary,44847,Teacher,Rural,49,6,900.29,Furniture,68,41,Positive,144,8.12,9
62,Non-binary,55182,Retail,Rural,46,5,831.02,Electronics,76,8,Neutral,135,11.9,2
54,Non-binary,27167,Student,Urban,31,4,294.55,Electronics,96,43,Positive,120,4.49,2
50,Non-binary,20173,Student,Urban,17,6,1218.77,Furniture,39,18,Negative,14,12.67,4
40,Female,127538,Engineer,Rural,49,4,373.21,Clothing,99,9,Neutral,41,2.77,3
47,Non-binary,126105,Doctor,Urban,40,5,1625.92,Beauty,29,49,Negative,167,0.53,7
40,Male,127933,Engineer,Suburban,14,5,1727.26,Electronics,68,42,Neutral,112,14.77,4
52,Female,135752,Unemployed,Suburban,15,5,1811.34,Electronics,48,27,Neutral,115,11.09,8
61,Non-binary,121165,Retail,Rural,32,9,1311.29,Furniture,58,18,Negative,161,1.57,5
26,Male,143352,Retail,Suburban,24,5,979.45,Furniture,10,30,Neutral,81,12.23,6
44,Male,120717,Teacher,Rural,9,2,1595.76,Beauty,81,37,Neutral,155,2.03,8
26,Male,57739,Doctor,Suburban,3,1,1970.02,Beauty,64,45,Positive,68,5.6,2
68,Male,81956,Engineer,Urban,13,11,1433.21,Electronics,72,23,Negative,146,2.89,5
22,Female,77752,Unemployed,Suburban,11,7,1859.15,Furniture,13,38,Negative,137,2.55,7
49,Male,80154,Teacher,Rural,10,4,579.52,Clothing,69,37,Positive,65,12.35,3
42,Male,52065,Unemployed,Rural,48,5,613.01,Grocery,20,32,Negative,7,4.85,5
52,Female,121036,Teacher,Urban,27,1,902.21,Electronics,98,19,Neutral,136,7.92,9
62,Non-binary,76958,Student,Suburban,22,11,917.4,Grocery,77,31,Neutral,32,3.2,4
19,Male,46397,Student,Suburban,36,9,1115.68,Electronics,88,12,Positive,99,2.06,2
69,Non-binary,84292,Student,Rural,49,5,939.84,Furniture,55,33,Positive,8,7.49,4
59,Non-binary,113206,Doctor,Rural,24,6,1169.59,Clothing,95,25,Negative,76,9.48,9
44,Non-binary,64552,Student,Urban,13,5,1870.62,Furniture,37,47,Positive,155,7.24,2
55,Non-binary,117259,Engineer,Rural,18,9,1065.47,Grocery,64,30,Positive,76,9.69,2
30,Non-binary,24775,Teacher,Suburban,41,2,83.33,Clothing,35,0,Neutral,139,2,1
64,Female,92133,Engineer,Urban,23,8,1777.22,Beauty,20,14,Positive,3,6.86,1
55,Male,113399,Student,Urban,37,11,850.23,Grocery,39,9,Neutral,182,10.12,1
59,Female,86658,Engineer,Suburban,17,2,1321.23,Electronics,46,23,Negative,196,6.08,6
66,Non-binary,30799,Retail,Suburban,39,4,54.07,Beauty,44,25,Positive,186,10.4,2
37,Non-binary,132788,Retail,Urban,2,10,1581.87,Electronics,29,45,Positive,121,13.44,6
33,Female,93791,Unemployed,Rural,35,4,1737.67,Electronics,57,44,Positive,172,13.65,2
39,Non-binary,149830,Unemployed,Urban,13,3,1079,Furniture,35,49,Positive,73,3.72,4
34,Female,60375,Student,Urban,30,2,1342.21,Grocery,41,8,Neutral,146,8.77,5
67,Non-binary,112545,Student,Rural,48,11,1064.51,Beauty,53,13,Positive,125,1.58,3
18,Male,23783,Retail,Urban,13,10,1082.01,Beauty,20,49,Positive,72,13.18,7
53,Non-binary,108831,Student,Urban,20,8,661.76,Electronics,20,43,Negative,43,10.57,9
35,Female,110991,Doctor,Urban,42,9,1934.08,Electronics,46,8,Positive,51,11.59,9
63,Female,75518,Student,Suburban,27,1,1177.84,Grocery,1,23,Negative,185,13.16,4
64,Male,21973,Engineer,Rural,9,10,910.16,Clothing,14,0,Neutral,10,4.61,9
42,Female,127642,Retail,Rural,31,3,1863.11,Grocery,13,7,Positive,175,9.96,7
65,Male,50200,Teacher,Suburban,3,8,414.93,Furniture,81,0,Neutral,60,2.04,4
65,Female,105723,Engineer,Urban,31,11,995.45,Furniture,87,0,Negative,18,2.68,9
62,Male,58571,Unemployed,Urban,15,2,549.46,Grocery,88,40,Neutral,123,2.04,5
42,Female,43435,Engineer,Suburban,9,11,1974.26,Electronics,38,9,Negative,73,4.36,8
42,Non-binary,24864,Teacher,Rural,1,8,1387.36,Furniture,16,3,Negative,52,10.43,2
51,Male,35372,Unemployed,Suburban,7,3,770.64,Grocery,91,34,Positive,94,14.42,9
60,Male,123892,Student,Urban,17,4,1472.07,Grocery,63,11,Negative,45,13.45,2
56,Male,141504,Unemployed,Suburban,21,3,552.18,Beauty,66,3,Negative,61,6.85,3
39,Non-binary,20298,Engineer,Suburban,4,3,455.93,Beauty,94,9,Positive,77,8.58,9
42,Non-binary,65724,Student,Suburban,14,1,1326.72,Electronics,72,31,Neutral,36,11.5,4
52,Non-binary,79924,Engineer,Rural,6,5,1567.74,Clothing,27,17,Negative,172,14,1
20,Non-binary,103363,Student,Urban,28,7,1316.11,Beauty,56,31,Neutral,43,6.89,2
29,Female,89232,Retail,Urban,46,3,800.83,Grocery,97,11,Positive,158,1.87,2
55,Non-binary,140246,Teacher,Suburban,37,4,1406.92,Electronics,2,42,Neutral,2,7.09,2
45,Male,82158,Doctor,Urban,29,9,1790.8,Grocery,17,1,Positive,46,8.61,6
21,Female,51128,Unemployed,Rural,22,5,713.51,Beauty,81,33,Positive,170,4.3,4
55,Male,43585,Unemployed,Urban,45,3,329.01,Electronics,89,24,Positive,69,3.14,6
32,Non-binary,90432,Student,Urban,6,1,1049.53,Electronics,39,25,Positive,150,0.54,4
27,Non-binary,72164,Teacher,Suburban,25,8,257.34,Furniture,16,10,Positive,185,1.23,8
25,Male,104662,Student,Suburban,10,1,1894.23,Grocery,44,47,Neutral,19,8.37,3
25,Non-binary,105294,Unemployed,Urban,45,4,293.2,Clothing,63,37,Positive,115,2.18,9
39,Non-binary,123869,Student,Suburban,43,11,527.13,Grocery,72,3,Negative,129,2.94,8
27,Male,20863,Engineer,Rural,19,4,1840.72,Grocery,85,12,Neutral,91,7.8,7
47,Non-binary,110835,Engineer,Urban,38,3,424.93,Clothing,41,29,Negative,143,11.09,8
54,Male,99460,Teacher,Urban,16,5,1795.39,Clothing,6,4,Neutral,66,4.42,9
27,Female,124577,Unemployed,Suburban,48,5,1027.68,Electronics,49,30,Negative,129,13.45,8
67,Female,143344,Teacher,Urban,42,1,1620.67,Electronics,27,5,Neutral,123,2.42,4
54,Female,126303,Student,Rural,39,10,756.57,Clothing,94,20,Negative,170,4.05,9
67,Female,105110,Student,Urban,23,2,717.94,Clothing,8,0,Negative,3,12.01,3
64,Male,114645,Unemployed,Urban,13,9,1891,Beauty,0,14,Positive,119,10.56,8
64,Male,26263,Engineer,Suburban,43,5,485.42,Furniture,46,29,Neutral,167,8.53,8
21,Female,73694,Doctor,Urban,2,8,351.36,Electronics,6,4,Positive,181,4.25,1
63,Male,100528,Retail,Suburban,46,7,1275.42,Grocery,93,46,Negative,127,11.56,6
53,Female,115684,Unemployed,Rural,45,7,1739.81,Grocery,2,20,Neutral,52,5.29,3
64,Female,129318,Doctor,Rural,13,8,558.97,Electronics,79,0,Negative,114,12.17,9
21,Non-binary,22413,Doctor,Rural,34,7,1788.36,Clothing,3,29,Negative,135,8.24,6
54,Male,128097,Retail,Urban,26,3,1137.68,Furniture,0,5,Neutral,118,2.56,1
52,Non-binary,30232,Retail,Rural,46,3,567.14,Beauty,12,40,Positive,76,5.07,5
62,Female,79005,Doctor,Urban,23,5,1369.6,Furniture,3,33,Neutral,168,4.43,5
54,Female,20525,Retail,Suburban,41,3,1439.25,Beauty,83,18,Negative,65,9.42,1
59,Female,60634,Unemployed,Rural,18,5,282.38,Beauty,39,9,Negative,88,14.29,6
38,Non-binary,136097,Unemployed,Suburban,17,9,1917.26,Electronics,17,21,Neutral,36,2.75,3
31,Female,147927,Retail,Rural,35,3,1258.1,Clothing,47,20,Neutral,172,11.04,4
45,Non-binary,45115,Doctor,Rural,25,2,1819.66,Clothing,92,37,Positive,77,8.65,5
28,Female,60882,Unemployed,Urban,43,4,383.42,Grocery,86,45,Neutral,22,4.91,5
39,Male,107202,Unemployed,Suburban,8,7,1998.35,Grocery,87,21,Neutral,9,2.47,1
40,Female,53261,Retail,Rural,19,7,848.4,Beauty,55,40,Negative,190,0.76,1
36,Male,92698,Engineer,Urban,6,7,554.26,Clothing,37,41,Positive,55,10.29,1
46,Female,69200,Teacher,Rural,36,10,505.99,Grocery,57,35,Negative,20,12.37,2
42,Male,68413,Unemployed,Rural,26,10,937.13,Beauty,12,28,Neutral,174,13.26,7
41,Male,141996,Doctor,Suburban,20,9,1021.15,Grocery,32,0,Neutral,118,1.3,3
23,Female,143466,Unemployed,Suburban,17,2,842.5,Electronics,71,37,Neutral,33,11.49,3
57,Female,23379,Student,Rural,46,8,190.42,Furniture,11,12,Neutral,46,13.55,5
48,Non-binary,140700,Retail,Rural,48,2,1086.45,Grocery,97,11,Negative,144,14.62,5
31,Female,148636,Retail,Suburban,5,5,1445.54,Grocery,96,13,Positive,47,2.65,8
31,Male,73185,Engineer,Urban,24,6,1540.05,Grocery,84,44,Neutral,11,13.49,8
57,Non-binary,28141,Teacher,Suburban,46,3,460.45,Grocery,4,0,Negative,117,12.89,7
46,Female,86741,Engineer,Rural,28,11,464.83,Beauty,91,10,Negative,104,8.95,8
51,Female,85169,Teacher,Rural,29,6,1187.69,Beauty,94,29,Positive,153,3.78,9
27,Female,117384,Engineer,Rural,12,2,1538.92,Electronics,85,22,Negative,134,7.45,3
57,Non-binary,49024,Unemployed,Suburban,22,4,771.67,Electronics,83,35,Positive,31,3.62,6
63,Non-binary,79993,Student,Rural,9,3,648.87,Furniture,16,0,Neutral,12,3.2,5
39,Male,102961,Doctor,Suburban,42,10,163.2,Furniture,27,46,Neutral,167,12.7,3
22,Non-binary,145304,Doctor,Suburban,10,11,675.59,Electronics,20,24,Negative,177,13.82,4
58,Non-binary,110544,Student,Rural,18,10,606.87,Grocery,23,28,Positive,118,12.08,1
22,Male,102748,Doctor,Rural,5,5,434.5,Furniture,33,41,Positive,24,9.42,1
29,Female,93295,Unemployed,Urban,16,6,1710.5,Clothing,52,13,Negative,51,9.35,7
37,Non-binary,27230,Retail,Urban,44,9,430.55,Clothing,17,6,Positive,54,10.73,2
35,Male,27407,Engineer,Urban,19,3,97.93,Grocery,40,37,Negative,166,13.27,7
62,Female,99840,Teacher,Suburban,1,10,1585.69,Clothing,34,19,Neutral,34,9.19,6
30,Male,138933,Doctor,Suburban,49,7,1935.96,Clothing,71,45,Negative,174,5.95,6
67,Non-binary,132174,Retail,Rural,6,2,274.59,Grocery,65,4,Negative,67,8.43,3
27,Female,69956,Doctor,Rural,16,9,1154.05,Beauty,32,18,Negative,114,14.41,9
69,Female,122329,Retail,Rural,21,10,39.38,Beauty,7,48,Neutral,42,4.86,1
33,Non-binary,94608,Teacher,Urban,12,5,1399.21,Beauty,95,47,Neutral,130,6.73,3
20,Male,114218,Unemployed,Suburban,19,3,791.47,Furniture,18,2,Neutral,119,3.82,5
66,Non-binary,104671,Doctor,Urban,38,11,1101.81,Beauty,28,19,Positive,94,3.8,3
36,Male,61702,Teacher,Suburban,34,11,1320.06,Furniture,15,44,Negative,36,10.92,3
35,Male,81183,Unemployed,Urban,49,5,1654.2,Furniture,80,26,Positive,92,4.36,4
39,Male,109243,Student,Urban,40,11,797.25,Electronics,72,44,Negative,156,14.23,1
68,Male,137905,Retail,Rural,48,8,79.2,Clothing,14,41,Negative,111,4.06,9
52,Female,54785,Student,Rural,4,5,847.33,Electronics,13,16,Negative,199,12.12,7
21,Male,34328,Unemployed,Suburban,30,10,742.29,Grocery,60,35,Neutral,145,5.7,2
61,Female,98149,Unemployed,Rural,41,1,1200.77,Furniture,0,47,Positive,24,10.91,3
18,Female,91718,Engineer,Urban,6,4,679.45,Grocery,81,37,Neutral,28,12.73,3
45,Female,43109,Student,Rural,36,3,784.45,Clothing,79,18,Neutral,54,13.32,2
35,Male,80821,Student,Urban,26,2,543.34,Beauty,92,18,Negative,76,14,3
68,Female,29040,Doctor,Urban,3,1,501.53,Clothing,31,21,Negative,175,14.48,3
45,Non-binary,78702,Unemployed,Suburban,41,1,1442.69,Furniture,68,40,Neutral,143,10.37,4
45,Non-binary,67382,Teacher,Rural,49,1,465.68,Clothing,42,22,Negative,128,13.74,4
55,Male,57563,Unemployed,Urban,9,8,1666.77,Grocery,33,31,Negative,64,14.07,8
42,Non-binary,51717,Retail,Suburban,41,10,1119.81,Beauty,30,28,Negative,189,1.93,3
26,Male,113609,Engineer,Rural,18,3,1967.07,Beauty,28,6,Neutral,108,9.35,4
49,Male,102446,Doctor,Urban,40,10,1754.01,Electronics,91,18,Positive,116,7.33,8
20,Non-binary,42053,Retail,Rural,8,8,1573.36,Clothing,8,5,Negative,142,4.3,3
26,Non-binary,21332,Teacher,Rural,30,8,1112.53,Clothing,45,7,Positive,77,11.98,8
18,Male,141351,Unemployed,Suburban,26,3,789.03,Clothing,42,25,Negative,89,9.51,5
22,Non-binary,111416,Retail,Urban,8,2,100.2,Clothing,84,5,Positive,62,13.13,5
47,Non-binary,68651,Retail,Rural,14,7,449.91,Furniture,58,46,Positive,18,4.35,3
48,Male,20359,Student,Urban,45,9,1770.98,Electronics,88,17,Positive,56,14,5
62,Female,26400,Doctor,Rural,5,9,404.34,Clothing,22,12,Negative,107,7.47,6
60,Female,43827,Engineer,Urban,23,7,1990.12,Clothing,56,42,Neutral,10,1.47,6
55,Non-binary,93447,Student,Urban,24,9,767.54,Furniture,29,32,Positive,109,0.91,6
54,Non-binary,25485,Student,Rural,41,9,1221.72,Grocery,43,10,Neutral,18,13.75,4
63,Male,36390,Engineer,Rural,20,10,87.85,Beauty,78,19,Negative,179,4.7,4
54,Female,121847,Doctor,Rural,35,8,1286.06,Furniture,74,13,Positive,174,10.53,4
68,Non-binary,127712,Student,Suburban,22,11,1940.14,Electronics,63,25,Negative,190,1.84,7
45,Female,105204,Teacher,Suburban,2,8,684.67,Clothing,7,31,Negative,79,8.49,4
26,Female,108601,Engineer,Urban,25,3,558.67,Electronics,77,43,Negative,59,8.59,9
43,Male,80891,Retail,Rural,31,5,286.83,Clothing,35,40,Negative,33,13.52,7
44,Female,24802,Teacher,Rural,3,4,1914.16,Grocery,98,25,Positive,110,10.16,1
30,Male,92030,Student,Suburban,11,3,881.59,Grocery,78,43,Positive,26,2.3,8
51,Male,70075,Engineer,Urban,11,10,1216.23,Furniture,58,35,Neutral,0,9.76,7
56,Female,57070,Engineer,Rural,4,5,1420.07,Electronics,47,18,Negative,96,12.42,1
18,Female,148097,Engineer,Rural,10,2,1068.92,Furniture,80,1,Positive,9,2.58,4
63,Non-binary,42018,Teacher,Rural,39,8,1673.93,Grocery,28,17,Positive,180,1.04,2
66,Male,69318,Retail,Rural,33,4,1586.57,Electronics,92,38,Neutral,126,12.23,9
43,Non-binary,129487,Doctor,Rural,34,4,1897.22,Grocery,97,32,Positive,59,2.91,4
66,Male,108948,Teacher,Suburban,13,11,1080.52,Electronics,59,7,Positive,190,8.55,2
49,Female,83159,Retail,Rural,13,5,1466.27,Furniture,59,6,Positive,192,1.39,2
52,Non-binary,109515,Student,Rural,45,6,1438.9,Clothing,54,38,Neutral,15,2.77,7
34,Female,115509,Engineer,Suburban,38,4,129.08,Grocery,38,2,Neutral,171,11.41,4
51,Female,66234,Teacher,Rural,10,8,1396.3,Beauty,39,20,Neutral,57,7.62,6
58,Non-binary,144629,Retail,Suburban,14,10,1104.3,Clothing,40,14,Negative,160,13.83,4
57,Male,133497,Unemployed,Urban,28,11,1730.33,Grocery,38,27,Positive,54,3.84,9
49,Non-binary,100474,Retail,Urban,5,6,845.26,Beauty,31,1,Negative,31,13.32,9
63,Female,112396,Doctor,Urban,48,11,1579.81,Furniture,72,13,Negative,118,7.44,4
33,Non-binary,67877,Unemployed,Suburban,16,3,124.79,Electronics,20,44,Positive,149,8.94,8
38,Male,107702,Engineer,Rural,6,6,525.04,Clothing,65,40,Neutral,63,10.93,8
22,Female,56882,Teacher,Suburban,12,11,1100.71,Electronics,55,25,Positive,97,5.36,5
20,Female,45833,Teacher,Urban,30,8,1152.3,Clothing,79,10,Neutral,9,9.59,9
22,Male,125319,Student,Suburban,10,5,371.93,Clothing,78,42,Negative,108,0.98,2
57,Female,68313,Retail,Urban,37,3,1334.52,Clothing,19,26,Positive,135,9.69,4
18,Non-binary,147753,Retail,Urban,27,5,1976.13,Grocery,77,22,Neutral,105,6.21,2
22,Non-binary,142206,Retail,Suburban,37,8,981.85,Electronics,12,9,Negative,136,4.35,3
37,Non-binary,66733,Retail,Suburban,17,5,839.87,Grocery,9,22,Negative,58,13.11,1
23,Male,134430,Retail,Suburban,9,10,532.67,Electronics,31,29,Neutral,153,8.09,3
40,Non-binary,109368,Teacher,Rural,49,7,1543.72,Electronics,9,19,Negative,72,1.23,1
48,Female,64510,Teacher,Rural,47,9,84.54,Electronics,53,25,Negative,152,14.11,6
56,Female,109534,Unemployed,Urban,18,9,1752.06,Furniture,14,8,Neutral,134,12.42,6
21,Male,116987,Doctor,Urban,8,2,1439.47,Furniture,13,43,Positive,178,4.65,7
25,Non-binary,88948,Unemployed,Urban,31,1,122.32,Electronics,98,46,Neutral,5,6.44,8
64,Female,134778,Engineer,Urban,48,8,1394.68,Grocery,50,30,Negative,81,12.1,2
52,Male,103781,Doctor,Rural,33,5,529.05,Grocery,31,26,Positive,195,5.13,7
43,Male,92284,Unemployed,Suburban,33,3,648.09,Electronics,71,14,Negative,64,9.02,3
23,Female,139110,Retail,Rural,39,2,308.41,Grocery,4,30,Positive,65,13.75,9
59,Male,139391,Doctor,Suburban,1,1,1157.07,Electronics,90,4,Neutral,45,13.5,3
46,Non-binary,136432,Teacher,Suburban,21,7,1229.25,Beauty,35,15,Negative,184,2.94,8
22,Male,137160,Doctor,Rural,38,9,380.14,Grocery,19,12,Neutral,73,7.41,6
61,Non-binary,52255,Teacher,Suburban,3,6,1396.12,Furniture,94,14,Positive,23,6.08,5
33,Non-binary,56323,Engineer,Rural,16,3,1108.29,Beauty,43,2,Positive,158,10.25,9
32,Female,67732,Unemployed,Urban,27,3,309.09,Grocery,11,33,Positive,33,2.85,7
36,Male,136406,Engineer,Suburban,2,6,1410.31,Grocery,41,0,Negative,53,9.02,1
34,Male,29609,Doctor,Urban,30,5,1578.02,Clothing,2,29,Neutral,47,0.85,4
45,Male,80530,Teacher,Suburban,39,11,469.46,Clothing,21,8,Positive,102,3.46,8
66,Non-binary,86844,Retail,Rural,11,6,313.72,Furniture,61,37,Neutral,11,5.63,4
47,Male,144312,Student,Rural,10,8,1494.67,Electronics,68,45,Positive,193,5.14,9
53,Male,125445,Unemployed,Rural,19,8,1510.43,Clothing,11,19,Neutral,39,0.63,1
38,Non-binary,137343,Engineer,Rural,32,7,706.54,Clothing,69,31,Neutral,144,12.04,8
19,Male,91638,Doctor,Rural,36,9,875.22,Grocery,11,25,Neutral,76,3.21,4
28,Non-binary,145118,Unemployed,Rural,19,11,1237.27,Beauty,29,44,Positive,76,1.64,6
54,Female,118754,Teacher,Urban,31,5,1132.01,Beauty,17,21,Positive,6,13,1
27,Non-binary,45510,Retail,Suburban,1,5,938.78,Grocery,50,44,Neutral,191,10.67,7
47,Male,143151,Retail,Rural,31,3,1294.09,Furniture,43,8,Negative,191,11.28,1
27,Female,82340,Teacher,Urban,6,10,662.83,Beauty,46,45,Neutral,110,13.96,7
25,Female,26490,Retail,Urban,12,2,1934.47,Grocery,16,11,Negative,158,12.37,7
25,Female,101479,Unemployed,Rural,43,6,799.53,Beauty,4,40,Neutral,0,10.69,5
54,Female,99725,Engineer,Rural,36,10,376.12,Grocery,48,31,Positive,72,9.1,4
62,Male,55003,Engineer,Rural,29,2,434.25,Clothing,94,18,Positive,24,7.43,9
40,Female,125149,Student,Rural,16,7,1599.24,Grocery,10,27,Positive,26,6.71,2
47,Female,22290,Engineer,Rural,46,4,1044.89,Electronics,54,23,Positive,163,6.04,2
48,Non-binary,35718,Engineer,Suburban,4,11,264.13,Clothing,62,13,Neutral,59,2.04,8
69,Male,27726,Doctor,Suburban,41,5,1983.49,Electronics,82,36,Negative,5,10.85,3
53,Male,107065,Engineer,Urban,47,1,74.87,Electronics,12,3,Positive,31,10.07,9
39,Female,144916,Unemployed,Rural,1,8,1237.73,Electronics,7,23,Positive,187,13.6,8
36,Female,62675,Retail,Urban,25,3,702.75,Grocery,87,10,Positive,198,11.7,1
44,Male,120310,Engineer,Suburban,8,4,1937.6,Furniture,79,40,Neutral,150,5.29,2
54,Male,54750,Unemployed,Urban,40,6,424.07,Electronics,29,41,Positive,38,10.51,5
66,Male,79212,Student,Rural,45,4,1948.96,Electronics,98,38,Negative,31,12.88,9
52,Male,37738,Retail,Urban,29,10,1239.53,Furniture,54,11,Neutral,161,12.37,8
58,Female,81154,Retail,Urban,24,8,1822.72,Beauty,32,9,Neutral,77,14.34,1
40,Non-binary,93961,Engineer,Rural,45,2,556.59,Beauty,63,26,Negative,188,9.29,7
34,Male,148317,Unemployed,Suburban,47,4,1862.51,Electronics,79,46,Positive,173,13.02,9
36,Female,123673,Unemployed,Rural,17,4,1431.66,Clothing,77,24,Neutral,143,2.03,9
39,Non-binary,146124,Retail,Urban,16,6,732.59,Furniture,68,18,Negative,7,11.49,9
52,Non-binary,44521,Unemployed,Suburban,6,3,784.25,Electronics,69,28,Neutral,31,8,9
27,Female,105490,Teacher,Suburban,4,10,1453.2,Clothing,27,29,Negative,71,4.22,2
37,Male,146412,Retail,Suburban,9,9,783.31,Clothing,40,23,Negative,108,5.67,8
56,Non-binary,146063,Retail,Suburban,29,9,1778.9,Furniture,83,19,Neutral,56,12.04,8
26,Non-binary,86469,Teacher,Suburban,39,3,1718.32,Beauty,0,24,Neutral,106,5.36,4
50,Female,141702,Retail,Urban,12,7,1853.81,Furniture,83,29,Positive,59,10.44,6
63,Male,78724,Unemployed,Suburban,14,2,1839.36,Clothing,8,9,Neutral,99,2.04,9
46,Female,142555,Retail,Suburban,46,7,1628.11,Clothing,7,27,Neutral,6,14.9,3
29,Female,129140,Retail,Suburban,29,4,1523.6,Grocery,84,49,Neutral,91,13.97,5
31,Female,105438,Retail,Suburban,47,8,751.07,Electronics,58,7,Negative,195,5.39,6
49,Male,33861,Engineer,Urban,6,5,1407.95,Electronics,99,46,Positive,137,1.78,2
61,Non-binary,72537,Unemployed,Suburban,37,7,1843.77,Beauty,38,48,Positive,196,13.31,6
68,Female,108248,Student,Rural,32,10,408.49,Electronics,56,16,Positive,116,5.97,8
31,Non-binary,47546,Student,Suburban,17,2,344.99,Furniture,63,36,Neutral,187,7.84,4
62,Female,96507,Teacher,Suburban,30,6,1395.68,Electronics,10,21,Negative,140,4.29,6
35,Male,90014,Teacher,Urban,11,7,1921.36,Furniture,92,4,Neutral,6,7.61,2
60,Male,118372,Engineer,Suburban,21,5,130,Grocery,3,48,Positive,135,6.32,4
60,Female,43741,Teacher,Rural,35,4,1373.09,Electronics,38,6,Positive,86,8.27,7
49,Male,79467,Student,Urban,9,2,1618.56,Electronics,10,48,Neutral,80,4.99,1
25,Male,56029,Doctor,Suburban,3,3,1225.87,Furniture,5,42,Neutral,196,7.97,9
33,Non-binary,44260,Student,Suburban,7,4,866.34,Furniture,12,24,Negative,90,2.75,3
67,Female,105393,Retail,Suburban,12,5,1392.83,Clothing,57,24,Negative,87,0.56,3
46,Male,32955,Teacher,Suburban,20,4,665.31,Furniture,8,22,Negative,192,0.98,4
43,Non-binary,134518,Retail,Suburban,17,1,1577.66,Beauty,71,1,Positive,12,9.16,2
29,Non-binary,111315,Engineer,Suburban,36,6,1629.15,Electronics,15,41,Negative,157,8.5,9
29,Non-binary,130110,Unemployed,Rural,40,9,1090.18,Clothing,57,40,Neutral,114,6.11,2
53,Non-binary,76390,Doctor,Urban,9,9,285.32,Beauty,32,36,Negative,182,7.29,1
51,Female,118334,Unemployed,Suburban,32,3,710.27,Electronics,39,3,Negative,97,3.79,5
66,Female,79197,Teacher,Urban,16,5,913.18,Electronics,50,43,Positive,185,11.22,7
56,Male,132838,Unemployed,Rural,39,8,1662.4,Beauty,43,18,Neutral,85,3.46,4
55,Non-binary,23770,Retail,Rural,39,11,1399.91,Beauty,70,32,Negative,50,9.65,6
31,Female,77000,Student,Suburban,39,5,540.64,Beauty,39,6,Positive,131,7.35,8
26,Non-binary,148292,Teacher,Urban,31,6,1579.26,Electronics,49,8,Positive,88,12.98,1
23,Female,50900,Doctor,Rural,27,10,1672.53,Electronics,75,42,Neutral,172,1.85,2
40,Non-binary,26761,Unemployed,Rural,5,7,40.47,Electronics,73,34,Negative,50,9.15,6
66,Female,62102,Teacher,Urban,6,3,1562.17,Furniture,9,9,Neutral,67,4.81,2
53,Non-binary,76897,Retail,Urban,41,6,354.85,Beauty,97,17,Negative,35,8.37,8
30,Male,47970,Doctor,Suburban,21,1,732.66,Electronics,22,32,Positive,79,1.1,7
61,Female,63371,Student,Suburban,3,2,1887.53,Grocery,98,28,Negative,30,5.66,4
31,Female,147743,Retail,Rural,47,7,1886.34,Clothing,78,11,Negative,22,12.95,9
47,Female,33444,Student,Urban,2,8,1215.61,Furniture,47,40,Positive,14,6.43,5
45,Male,102008,Teacher,Rural,13,1,1362.63,Clothing,80,21,Neutral,73,12.3,7
49,Female,57483,Retail,Rural,21,4,890.14,Electronics,33,34,Negative,26,9.51,1
66,Male,136822,Unemployed,Rural,8,9,1682.58,Clothing,62,21,Negative,107,4.43,1
24,Non-binary,143445,Teacher,Urban,42,2,580.57,Grocery,82,20,Neutral,17,10.57,7
50,Male,70748,Doctor,Suburban,4,7,1355.31,Furniture,98,37,Positive,153,12.05,6
24,Female,85172,Engineer,Rural,33,9,1865.19,Beauty,56,21,Neutral,116,8.32,5
28,Female,143716,Unemployed,Urban,12,2,1561.61,Furniture,7,15,Negative,109,7.53,7
59,Non-binary,28126,Teacher,Suburban,34,4,1796.91,Grocery,85,0,Negative,166,12.41,3
32,Female,25332,Unemployed,Suburban,46,7,1076.34,Beauty,59,5,Positive,116,12.71,6
26,Male,120535,Unemployed,Suburban,10,9,1647.17,Clothing,58,35,Positive,115,14.27,2
45,Female,75872,Retail,Suburban,9,4,91.54,Beauty,50,4,Positive,107,11.58,2
28,Male,96654,Teacher,Rural,47,10,1412.73,Grocery,88,25,Negative,21,2.04,2
34,Female,24920,Unemployed,Suburban,9,7,54.48,Clothing,26,37,Neutral,197,3.94,9
47,Non-binary,38723,Engineer,Urban,31,3,1802.93,Electronics,12,35,Neutral,180,4.64,1
69,Non-binary,116542,Teacher,Urban,36,11,1468.81,Electronics,34,42,Neutral,176,10.58,5
23,Male,85924,Teacher,Urban,49,11,1260.5,Beauty,38,49,Negative,97,8.36,2
67,Non-binary,26607,Doctor,Rural,6,3,205.47,Grocery,61,5,Neutral,137,3.39,5
43,Male,91993,Unemployed,Urban,30,5,1739.13,Furniture,18,32,Negative,139,11.17,1
18,Female,32150,Unemployed,Urban,30,2,1542,Furniture,13,31,Positive,138,7.72,4
65,Male,128653,Doctor,Suburban,18,8,743.88,Clothing,65,20,Positive,147,13.62,3
23,Male,91249,Engineer,Urban,18,9,1737.64,Beauty,43,12,Negative,199,1.35,9
37,Male,125279,Retail,Urban,23,3,232.05,Electronics,26,48,Neutral,62,4,5
67,Male,28152,Unemployed,Urban,47,9,1709.04,Beauty,70,3,Neutral,152,0.79,5
21,Non-binary,68243,Teacher,Urban,42,3,914.97,Clothing,3,6,Positive,160,3.77,2
34,Male,25614,Student,Suburban,22,1,870.91,Electronics,71,9,Positive,110,5.07,8
45,Female,142507,Retail,Rural,40,3,1883.79,Electronics,48,25,Neutral,101,11.93,2
62,Female,135907,Unemployed,Rural,39,11,1592.18,Grocery,6,21,Positive,172,2.16,3
47,Non-binary,133504,Doctor,Urban,8,2,637.17,Grocery,68,22,Negative,113,0.58,1
48,Male,124097,Student,Rural,21,5,1713.37,Clothing,93,32,Positive,184,6.43,1
63,Male,148172,Unemployed,Suburban,49,4,1403.05,Clothing,91,14,Positive,192,5.01,3
67,Male,83965,Teacher,Rural,5,10,1212.74,Beauty,83,1,Negative,1,7.2,4
56,Female,74143,Engineer,Rural,37,9,146,Grocery,15,14,Positive,31,11.97,1
62,Male,99678,Unemployed,Suburban,15,1,645.11,Furniture,36,47,Neutral,102,13.59,8
62,Male,130201,Doctor,Suburban,16,2,1225.52,Furniture,4,44,Neutral,181,3.74,1
57,Female,127760,Engineer,Rural,10,2,159.95,Beauty,45,3,Neutral,139,14.41,6
49,Male,20702,Retail,Urban,15,4,1814.56,Grocery,96,28,Neutral,93,8.19,4
55,Non-binary,120279,Retail,Rural,3,6,1011.32,Grocery,10,48,Negative,171,9.25,5
63,Male,31177,Unemployed,Urban,16,8,1405.38,Beauty,28,45,Positive,131,8.68,3
20,Female,149709,Student,Urban,7,9,351.44,Clothing,74,22,Positive,148,7.89,9
58,Male,57475,Engineer,Urban,19,1,1343.94,Beauty,45,16,Neutral,144,2,6
28,Male,20943,Student,Urban,44,3,1333.82,Clothing,5,32,Negative,139,1.61,9
50,Non-binary,148039,Retail,Suburban,46,1,965.63,Furniture,9,37,Negative,79,7.31,9
55,Male,70693,Retail,Rural,31,1,141.91,Beauty,43,14,Neutral,109,9.78,8
19,Female,25997,Teacher,Rural,25,9,1157.85,Furniture,86,24,Positive,100,7.28,1
69,Non-binary,72150,Unemployed,Urban,31,6,1802.94,Clothing,45,21,Negative,188,12.73,4
45,Female,91930,Student,Suburban,48,7,657.2,Beauty,43,45,Negative,140,14.27,9
46,Female,140638,Teacher,Rural,8,1,1880.43,Furniture,89,23,Neutral,199,7.42,2
46,Non-binary,132840,Retail,Suburban,31,11,436.39,Clothing,27,9,Negative,108,6.36,6
42,Female,127369,Student,Rural,6,6,1380.01,Electronics,10,17,Negative,89,9.57,1
64,Male,29503,Unemployed,Urban,44,10,520.02,Clothing,17,5,Positive,60,7.47,4
32,Male,127801,Doctor,Urban,32,2,549.89,Grocery,35,38,Neutral,96,9.62,6
50,Female,64328,Doctor,Suburban,31,11,342.46,Grocery,20,35,Negative,169,12.42,1
54,Female,41731,Unemployed,Urban,29,2,972.04,Electronics,64,15,Negative,27,4.6,3
18,Female,103251,Doctor,Urban,22,5,813.23,Grocery,40,40,Neutral,123,12.02,5
30,Female,105113,Engineer,Urban,42,11,263.86,Furniture,85,27,Neutral,149,4.42,1
40,Male,128668,Engineer,Urban,26,6,1295.89,Beauty,80,7,Neutral,14,9.18,3
52,Non-binary,79988,Teacher,Suburban,3,6,349.09,Grocery,16,48,Positive,129,6.94,8
44,Non-binary,61383,Unemployed,Urban,8,6,1659.85,Clothing,27,44,Negative,125,14.19,2
34,Non-binary,46004,Unemployed,Rural,13,5,914.92,Clothing,42,19,Neutral,54,10.35,7
44,Non-binary,111822,Student,Rural,18,8,923.75,Beauty,31,41,Neutral,49,5.26,5
44,Male,113600,Unemployed,Urban,30,8,1652.98,Clothing,48,1,Negative,96,12.81,7
45,Male,72349,Doctor,Rural,18,10,1451.66,Clothing,13,47,Neutral,26,6.27,6
30,Non-binary,66076,Student,Urban,27,5,1897.97,Beauty,43,35,Negative,193,8.81,6
58,Female,104984,Doctor,Suburban,33,2,1623.96,Electronics,93,6,Negative,18,8.77,4
53,Male,133743,Retail,Rural,49,3,89.56,Furniture,39,16,Negative,26,9.24,8
20,Male,120317,Unemployed,Urban,23,3,628.29,Furniture,41,34,Neutral,195,3.7,2
22,Non-binary,54840,Student,Urban,44,3,1895.49,Electronics,74,34,Negative,112,4.92,6
38,Male,26211,Retail,Urban,42,1,1057.26,Clothing,19,31,Neutral,156,8.69,3
21,Non-binary,139782,Doctor,Urban,16,10,386.74,Furniture,33,43,Negative,161,14.36,9
48,Non-binary,95787,Student,Rural,20,2,546.32,Electronics,16,16,Positive,15,4.78,8
27,Female,83719,Unemployed,Urban,25,11,1328.99,Grocery,86,28,Positive,161,14.58,5
58,Female,142534,Unemployed,Suburban,49,8,1336.18,Grocery,43,48,Negative,52,13.69,3
55,Non-binary,60158,Doctor,Suburban,21,10,738.42,Clothing,2,36,Negative,81,9.38,8
68,Non-binary,24186,Teacher,Urban,18,5,519.46,Furniture,66,25,Negative,79,4.98,5
49,Male,120313,Engineer,Suburban,36,5,165.18,Clothing,46,6,Negative,26,2.43,2
32,Non-binary,63183,Unemployed,Suburban,39,9,722.96,Furniture,65,29,Neutral,175,1.25,1
43,Female,85966,Unemployed,Suburban,43,5,1227.08,Beauty,74,39,Neutral,143,4.74,7
62,Female,112111,Teacher,Suburban,34,3,1838.28,Grocery,10,9,Positive,74,10.67,6
65,Male,89660,Unemployed,Rural,35,5,1719.86,Electronics,94,47,Neutral,178,11.48,8
31,Female,112703,Engineer,Suburban,13,5,496.48,Electronics,71,49,Neutral,72,1.08,3
20,Male,82921,Retail,Suburban,26,9,1893.19,Beauty,83,36,Positive,158,0.72,4
37,Male,62693,Student,Suburban,30,9,1451.96,Grocery,54,16,Negative,146,13.14,1
48,Non-binary,42901,Student,Rural,46,2,1496.07,Furniture,81,46,Neutral,192,11.88,6
23,Non-binary,74250,Student,Suburban,27,10,365.49,Furniture,78,11,Neutral,5,4.2,3
50,Male,55906,Retail,Rural,40,4,1160.63,Furniture,45,35,Positive,62,4.27,6
25,Male,97124,Retail,Urban,46,1,1310.26,Beauty,91,30,Neutral,121,5.22,6
41,Non-binary,46627,Student,Rural,27,4,1795.88,Clothing,10,42,Neutral,180,0.81,6
53,Male,45185,Doctor,Urban,34,7,1763.04,Furniture,46,5,Negative,39,14.6,9
61,Non-binary,77027,Teacher,Urban,9,7,583.54,Furniture,63,40,Neutral,188,0.53,3
67,Male,133794,Student,Urban,41,10,1008.86,Furniture,85,36,Neutral,36,3.77,6
26,Male,57068,Teacher,Urban,5,6,1247.62,Electronics,36,27,Positive,44,2.19,5
55,Female,114329,Unemployed,Suburban,35,5,1020.92,Beauty,40,17,Neutral,179,7.97,6
26,Non-binary,65608,Retail,Urban,31,11,1445.59,Grocery,51,43,Positive,172,4.88,3
61,Female,84478,Student,Suburban,9,2,127.47,Furniture,41,30,Negative,48,13.45,7
18,Non-binary,72373,Retail,Urban,42,5,345,Electronics,6,46,Negative,83,1.13,2
63,Male,113660,Unemployed,Rural,40,10,176.5,Grocery,82,24,Positive,121,7.56,5
41,Female,47076,Retail,Rural,32,11,397.97,Beauty,15,33,Positive,19,2.91,9
59,Female,42168,Student,Urban,47,5,861.19,Clothing,67,40,Positive,176,14.76,2
22,Male,122800,Engineer,Urban,6,2,1753.61,Furniture,6,6,Negative,17,5.93,6
24,Female,109964,Engineer,Urban,23,3,1686.15,Beauty,80,15,Negative,62,6.06,9
36,Male,86426,Student,Rural,11,9,1183.94,Electronics,11,39,Neutral,72,8.35,8
59,Female,95762,Student,Suburban,49,1,645.98,Electronics,51,4,Neutral,8,2.97,2
33,Female,137851,Student,Rural,27,10,620.51,Grocery,83,23,Neutral,121,8.49,9
42,Female,109789,Engineer,Rural,26,7,1872.47,Beauty,46,26,Positive,59,4.04,8
30,Female,116446,Retail,Suburban,40,8,1963.56,Clothing,57,47,Negative,96,0.97,5
42,Male,32214,Retail,Rural,47,7,1067.75,Electronics,62,18,Negative,55,12.93,2
47,Female,130131,Doctor,Suburban,45,9,1702.43,Furniture,81,49,Neutral,103,14.77,6
32,Non-binary,101437,Engineer,Suburban,34,5,36.43,Grocery,53,24,Negative,191,11.13,4
57,Non-binary,21387,Retail,Urban,26,7,1285.08,Beauty,81,15,Negative,47,2.89,9
44,Female,121654,Engineer,Rural,26,6,1564.04,Grocery,24,7,Neutral,2,6.51,3
37,Non-binary,87155,Engineer,Urban,20,3,1383.82,Furniture,11,43,Positive,139,7.1,6
51,Male,95458,Retail,Urban,17,5,912.13,Clothing,12,5,Neutral,184,10.29,5
44,Non-binary,20164,Student,Rural,42,9,1471.69,Grocery,19,28,Negative,178,6.7,7
39,Male,40983,Engineer,Urban,40,4,943.21,Grocery,99,48,Negative,50,6.64,4
27,Female,81348,Doctor,Rural,1,8,179.16,Electronics,40,47,Neutral,15,10.47,3
69,Female,38759,Retail,Urban,43,8,1244.19,Electronics,2,32,Positive,76,14.33,3
20,Non-binary,109023,Doctor,Rural,35,11,1610.29,Clothing,79,21,Neutral,148,4.51,6
66,Male,55538,Unemployed,Rural,20,11,671.2,Electronics,38,9,Positive,131,0.89,2
54,Male,132572,Student,Urban,9,5,1607.32,Furniture,69,19,Neutral,130,13.61,8
59,Male,33681,Student,Suburban,26,5,654.72,Clothing,61,13,Negative,139,4.76,7
67,Female,75940,Teacher,Suburban,33,6,1852.4,Beauty,96,17,Positive,198,3.13,9
46,Male,78325,Teacher,Rural,16,8,1013.72,Clothing,89,28,Negative,15,0.76,7
39,Non-binary,129258,Teacher,Rural,13,10,1002.18,Beauty,43,45,Positive,1,11.99,8
53,Female,133283,Unemployed,Urban,9,5,700.67,Grocery,32,31,Negative,30,9.94,9
50,Female,140448,Student,Urban,46,9,1581.81,Electronics,64,11,Negative,107,4.07,9
61,Non-binary,115519,Doctor,Rural,32,5,1055.19,Clothing,31,29,Positive,158,14.45,1
67,Female,142600,Doctor,Suburban,19,9,1586.98,Clothing,68,11,Positive,57,0.63,9
47,Female,138691,Student,Suburban,5,6,621.78,Furniture,67,12,Negative,85,10.47,3
40,Female,147696,Engineer,Suburban,28,10,464.58,Beauty,83,11,Positive,44,5.69,3
29,Non-binary,30522,Teacher,Urban,7,5,411.1,Clothing,87,7,Positive,27,7.25,7
62,Female,67935,Unemployed,Suburban,7,11,1140.2,Grocery,18,38,Neutral,194,2.03,9
44,Male,35013,Doctor,Suburban,12,11,427.63,Clothing,83,16,Positive,129,1.51,3
19,Non-binary,47174,Engineer,Urban,48,1,1409.98,Grocery,18,43,Neutral,61,13.4,1
69,Non-binary,143316,Retail,Urban,21,9,1589.35,Furniture,38,46,Positive,160,4.6,8
39,Female,93485,Unemployed,Suburban,36,9,54.21,Electronics,23,27,Negative,87,7.09,6
38,Non-binary,29782,Teacher,Urban,27,6,1347.51,Beauty,35,15,Negative,72,11.16,5
47,Male,102481,Student,Urban,31,11,902.3,Beauty,46,15,Positive,139,1.83,1
58,Female,31306,Teacher,Urban,43,1,57.8,Clothing,18,26,Positive,151,12.22,9
30,Male,142695,Doctor,Urban,45,8,1329.95,Grocery,31,42,Neutral,110,12.09,6
56,Non-binary,42475,Unemployed,Rural,18,4,392.07,Beauty,94,21,Positive,28,2.89,5
32,Male,132192,Doctor,Suburban,34,5,1987.69,Clothing,31,3,Negative,126,3.31,7
30,Male,58730,Student,Urban,22,11,1346.34,Grocery,62,47,Positive,102,13.56,5
36,Non-binary,31613,Student,Urban,34,4,168.37,Beauty,45,49,Positive,23,0.52,3
24,Male,107631,Unemployed,Suburban,5,8,400.32,Furniture,61,33,Negative,89,1.29,9
20,Non-binary,109666,Retail,Rural,45,6,1262.89,Beauty,69,21,Negative,127,6.13,5
55,Female,99964,Retail,Rural,7,9,455.17,Furniture,9,18,Negative,179,7.51,1
68,Female,138624,Retail,Rural,4,9,427.88,Clothing,29,45,Positive,123,14.38,7
39,Non-binary,145196,Unemployed,Rural,47,2,1898.64,Electronics,59,30,Neutral,38,9.31,8
68,Non-binary,94111,Teacher,Rural,13,6,1461.87,Clothing,98,9,Positive,192,5.78,4
67,Male,72801,Student,Rural,40,6,547.59,Beauty,40,6,Negative,155,5.01,7
42,Female,124540,Retail,Rural,45,4,1036.2,Beauty,37,23,Neutral,158,4.48,6
59,Female,60083,Unemployed,Suburban,33,4,1204.2,Clothing,81,14,Negative,120,5.75,1
54,Female,73638,Unemployed,Suburban,36,7,142.86,Beauty,80,28,Positive,59,3.01,1
40,Non-binary,132768,Teacher,Suburban,7,8,317.37,Beauty,18,48,Positive,60,10.64,3
38,Male,54037,Unemployed,Rural,30,8,1202.04,Beauty,58,45,Positive,136,2.5,8
62,Female,25107,Unemployed,Urban,46,4,775.05,Electronics,64,25,Positive,97,9.42,8
50,Female,60086,Engineer,Urban,49,6,1278.23,Clothing,97,19,Negative,125,9.04,5
69,Male,65554,Doctor,Rural,7,6,1931.18,Clothing,12,5,Positive,87,13.31,3
69,Male,28062,Doctor,Rural,8,4,1510.92,Grocery,77,40,Neutral,113,4.33,5
63,Non-binary,32951,Student,Suburban,35,1,1104.01,Beauty,52,37,Negative,108,14.71,3
22,Female,77979,Retail,Urban,26,4,881.74,Furniture,88,37,Positive,170,8.33,7
42,Non-binary,34099,Unemployed,Suburban,32,9,113.97,Furniture,84,17,Positive,25,10.5,7
40,Male,38302,Retail,Rural,18,3,1012.51,Clothing,16,38,Positive,154,14.39,5
61,Female,37575,Retail,Suburban,15,11,76.41,Electronics,0,3,Negative,40,6.28,8
59,Non-binary,123441,Retail,Rural,23,1,639.24,Furniture,31,36,Negative,74,4.65,6
47,Non-binary,59737,Student,Rural,13,1,1030.82,Clothing,33,22,Negative,164,2.11,6
52,Female,66501,Doctor,Urban,10,2,965.78,Grocery,63,5,Neutral,87,2.25,3
56,Male,134679,Engineer,Suburban,19,1,1661.33,Electronics,76,10,Neutral,119,2.68,6
52,Non-binary,136510,Teacher,Urban,4,9,274.68,Furniture,29,36,Neutral,103,2.72,4
66,Female,90162,Student,Urban,7,5,392.94,Clothing,9,15,Neutral,105,0.96,2
19,Non-binary,108902,Unemployed,Suburban,10,7,1265.47,Grocery,74,18,Positive,196,14.92,6
21,Female,56520,Student,Urban,10,10,1343.27,Electronics,98,18,Positive,46,0.54,5
45,Non-binary,145287,Retail,Rural,5,2,59.27,Grocery,11,30,Negative,86,5.82,9
22,Male,79389,Unemployed,Suburban,44,7,393.28,Clothing,2,4,Neutral,28,10.26,5
30,Female,47845,Engineer,Urban,13,7,1288.43,Beauty,7,29,Neutral,12,6.74,1
41,Female,31122,Student,Rural,23,3,1399.14,Beauty,7,43,Neutral,105,7.59,9
64,Female,135379,Unemployed,Urban,13,8,293.85,Clothing,3,39,Positive,81,3.48,3
35,Female,40137,Engineer,Suburban,33,10,198.44,Electronics,20,17,Neutral,193,7.07,6
39,Male,143470,Student,Suburban,49,11,695.24,Electronics,50,21,Negative,162,4.94,6
64,Female,20679,Doctor,Rural,43,3,1475.9,Grocery,52,32,Negative,17,2.42,3
63,Non-binary,36440,Engineer,Suburban,49,11,1626.65,Clothing,27,20,Negative,99,11.77,2
25,Non-binary,145408,Teacher,Rural,9,9,1146.72,Beauty,61,34,Neutral,141,1.76,5
58,Female,71307,Student,Rural,29,8,812.08,Clothing,92,11,Negative,47,12.31,3
39,Female,148940,Retail,Suburban,31,11,1986.83,Furniture,62,21,Positive,122,14.71,5
28,Male,112897,Retail,Rural,5,6,1732.5,Electronics,84,29,Positive,192,3.83,3
44,Female,118312,Engineer,Urban,8,4,1377.75,Beauty,90,37,Positive,12,4.84,4
32,Male,52019,Retail,Urban,41,10,1018.54,Electronics,45,29,Positive,189,11.53,4
43,Non-binary,128116,Teacher,Suburban,4,9,671.47,Beauty,86,42,Positive,129,4.12,2
18,Female,67800,Engineer,Suburban,2,5,480.92,Grocery,72,8,Negative,93,7.13,4
32,Non-binary,137742,Retail,Suburban,12,8,1473.9,Beauty,19,49,Positive,119,1.2,8
52,Non-binary,128501,Unemployed,Suburban,34,11,1737.71,Clothing,27,25,Positive,64,6.98,7
37,Non-binary,90303,Retail,Urban,33,6,1468.98,Furniture,36,26,Neutral,65,0.75,6
47,Male,102780,Retail,Rural,6,3,734.18,Electronics,13,1,Positive,135,1.33,2
30,Male,98396,Retail,Urban,27,5,403.55,Grocery,27,34,Neutral,103,12.37,6
62,Male,85154,Student,Rural,22,8,514.45,Grocery,79,36,Neutral,196,9.11,5
48,Non-binary,94121,Unemployed,Rural,3,5,133.2,Electronics,15,2,Neutral,142,12,8
37,Non-binary,135837,Teacher,Urban,27,11,1103.37,Grocery,74,48,Positive,57,6.8,5
21,Female,22039,Engineer,Urban,19,1,110.32,Furniture,41,12,Negative,135,7.26,3
44,Non-binary,96025,Engineer,Urban,21,9,1824.2,Beauty,71,32,Neutral,49,9.59,3
20,Female,112226,Retail,Rural,48,6,105.59,Beauty,60,15,Negative,147,4.46,5
62,Non-binary,46055,Unemployed,Suburban,18,4,898.01,Clothing,66,19,Positive,179,12.8,7
63,Female,29808,Teacher,Rural,39,3,265.66,Electronics,17,40,Negative,1,12.84,8
27,Male,95736,Retail,Rural,17,5,1964.68,Furniture,16,13,Positive,21,9.64,4
48,Female,97690,Unemployed,Suburban,35,3,541.89,Beauty,1,7,Neutral,37,9.4,9
30,Male,120582,Student,Urban,44,9,721.3,Furniture,8,11,Negative,149,4.19,3
39,Male,92564,Student,Suburban,38,8,842.02,Furniture,47,20,Positive,55,7.61,2
64,Female,22120,Teacher,Rural,34,6,984.23,Furniture,41,40,Neutral,82,3.76,3
26,Non-binary,56190,Teacher,Urban,30,6,1340.34,Electronics,23,30,Positive,164,0.67,7
46,Male,91043,Teacher,Suburban,32,10,400.76,Electronics,88,21,Negative,41,10.18,5
62,Non-binary,65852,Engineer,Urban,43,3,214.37,Beauty,91,39,Neutral,61,5.38,3
49,Non-binary,127548,Unemployed,Rural,32,11,453.76,Electronics,83,47,Positive,135,9.3,6
64,Female,130633,Retail,Suburban,17,3,1147.12,Beauty,24,23,Positive,126,13.31,2
60,Non-binary,23731,Retail,Suburban,27,5,888.13,Electronics,17,28,Positive,107,14.69,3
67,Male,56293,Retail,Rural,3,11,1601.33,Electronics,4,35,Negative,157,6.51,6
34,Male,122915,Unemployed,Suburban,5,1,972.83,Electronics,59,20,Positive,163,14.33,9
24,Female,141835,Unemployed,Rural,5,7,418.37,Clothing,80,20,Neutral,165,5.11,5
63,Non-binary,26010,Engineer,Suburban,15,2,750.34,Grocery,99,26,Positive,132,6.53,4
54,Non-binary,42977,Student,Rural,27,4,227.97,Beauty,12,5,Neutral,19,6.51,9
50,Non-binary,69433,Teacher,Urban,23,11,1951.76,Electronics,64,27,Neutral,90,11.97,7
55,Non-binary,91185,Doctor,Urban,31,9,1202.96,Electronics,53,5,Neutral,132,3.51,4
48,Male,90219,Teacher,Suburban,16,2,676.56,Grocery,43,29,Neutral,172,8.62,7
29,Male,80738,Student,Urban,15,4,1771.57,Electronics,77,14,Neutral,64,3.85,9
19,Female,48414,Retail,Urban,9,7,589.6,Furniture,43,13,Negative,17,8.59,6
21,Male,46270,Engineer,Suburban,34,7,878.55,Beauty,71,47,Positive,178,2.15,3
42,Non-binary,94640,Engineer,Suburban,5,9,81.93,Grocery,37,30,Negative,172,9.09,4
57,Male,50879,Student,Suburban,20,5,1313.33,Clothing,60,12,Negative,17,10.64,7
22,Female,50457,Unemployed,Rural,7,4,141.66,Grocery,26,9,Neutral,86,2.16,1
36,Female,121595,Unemployed,Urban,33,8,1703.27,Furniture,60,25,Negative,28,6.71,8
65,Female,40923,Unemployed,Suburban,41,4,518.26,Furniture,71,33,Negative,158,6.01,8
66,Non-binary,67831,Retail,Rural,47,4,318.73,Beauty,23,5,Neutral,56,4.92,2
46,Female,68618,Engineer,Urban,15,3,736.79,Beauty,82,9,Negative,63,5.06,5
19,Non-binary,138354,Engineer,Urban,27,6,1906.86,Beauty,56,26,Negative,67,1.09,6
49,Non-binary,67705,Teacher,Rural,9,5,1009.59,Furniture,97,39,Positive,25,14,9
58,Non-binary,44807,Doctor,Rural,33,6,1370.64,Furniture,82,3,Negative,189,11.56,1
53,Male,113238,Teacher,Suburban,25,6,736.76,Beauty,13,31,Negative,58,9.78,4
31,Non-binary,120044,Teacher,Urban,12,11,1319.66,Electronics,12,48,Negative,66,14.49,8
32,Male,149246,Retail,Urban,31,1,1677.33,Beauty,20,21,Positive,104,6.54,6
20,Male,113872,Engineer,Rural,23,1,848.7,Beauty,48,2,Neutral,193,4.99,9
56,Female,35736,Unemployed,Rural,36,9,58.07,Furniture,11,29,Negative,13,11.44,4
28,Female,94415,Teacher,Rural,40,7,270.7,Grocery,64,33,Neutral,89,12.11,5
20,Non-binary,30009,Engineer,Rural,4,8,1084.3,Furniture,15,47,Negative,129,9.06,7
18,Non-binary,102947,Doctor,Suburban,25,10,689.82,Electronics,59,15,Negative,29,3.9,1
49,Non-binary,134498,Engineer,Urban,28,8,1738.2,Grocery,2,11,Positive,9,11.48,5
49,Male,107597,Teacher,Suburban,34,3,687.25,Furniture,29,22,Negative,29,13.38,1
60,Non-binary,73461,Teacher,Urban,12,11,1239.81,Electronics,91,36,Negative,154,3.36,6
61,Non-binary,76939,Teacher,Suburban,32,2,621,Furniture,62,25,Negative,146,12.71,4
28,Female,122759,Retail,Suburban,28,6,1527.53,Clothing,15,14,Negative,60,14.24,8
48,Female,67148,Unemployed,Rural,35,4,1776.39,Clothing,54,44,Negative,61,14.7,8
29,Female,124130,Unemployed,Rural,21,7,1727.87,Beauty,5,13,Positive,12,1.39,7
21,Male,124535,Student,Rural,31,7,79.25,Furniture,91,45,Negative,10,0.71,4
24,Male,133575,Teacher,Rural,42,9,309.12,Furniture,25,5,Positive,115,14.09,9
41,Female,35542,Student,Urban,49,2,1951.54,Clothing,32,28,Positive,59,9.19,2
61,Female,143829,Unemployed,Urban,18,3,308.62,Beauty,89,39,Positive,148,10.54,1
23,Female,137284,Student,Urban,26,11,1686.05,Grocery,74,3,Negative,180,9.98,4
61,Non-binary,56520,Doctor,Rural,34,1,1266.32,Electronics,82,17,Positive,133,5.13,6
58,Non-binary,26405,Doctor,Rural,8,3,651.56,Furniture,93,16,Negative,34,10.67,2
61,Female,44819,Engineer,Suburban,37,3,1773.42,Beauty,55,25,Neutral,19,4.95,9
27,Non-binary,36650,Retail,Rural,40,8,876.8,Clothing,0,48,Negative,134,4.95,8
28,Non-binary,33869,Student,Urban,44,9,607.61,Beauty,82,19,Negative,45,13.66,7
39,Male,21674,Student,Urban,43,10,1901.44,Beauty,14,40,Neutral,36,9.74,2
37,Non-binary,129197,Retail,Rural,11,9,1448.24,Electronics,83,28,Neutral,87,0.81,2
59,Female,76969,Doctor,Suburban,24,8,44.6,Furniture,93,7,Negative,173,6.07,2
68,Male,136557,Student,Urban,24,5,1541.64,Electronics,47,30,Positive,195,11.6,6
57,Non-binary,73928,Doctor,Rural,22,1,1962.54,Electronics,96,32,Positive,106,1.82,8
53,Non-binary,95994,Doctor,Rural,1,6,1581.26,Beauty,45,45,Negative,11,8.75,3
68,Female,104687,Unemployed,Suburban,45,2,1988.55,Clothing,83,44,Positive,144,2.78,9
35,Male,63789,Retail,Suburban,33,5,930.55,Grocery,78,37,Neutral,86,12.11,3
32,Non-binary,50422,Retail,Suburban,47,3,1133.37,Grocery,74,8,Positive,183,5.68,2
40,Non-binary,84197,Retail,Suburban,19,5,789.69,Furniture,90,42,Neutral,143,3.23,7
33,Non-binary,44045,Retail,Urban,19,1,412.06,Clothing,95,42,Positive,93,3.7,7
41,Male,143341,Retail,Rural,35,7,219.38,Beauty,27,7,Negative,0,2.1,7
63,Female,92191,Teacher,Rural,23,7,930.26,Clothing,42,14,Negative,190,7.29,9
63,Non-binary,90640,Teacher,Rural,2,7,1498.79,Beauty,50,22,Neutral,101,1.63,8
24,Female,122162,Engineer,Rural,41,9,517.2,Beauty,67,14,Positive,170,8.03,1
33,Male,149795,Unemployed,Urban,45,5,1398.09,Furniture,67,41,Positive,102,11.7,2
65,Male,23647,Retail,Urban,12,7,1140.91,Furniture,34,17,Positive,131,2.01,1
63,Female,24701,Doctor,Rural,30,11,186.52,Clothing,31,33,Neutral,195,7.4,8
65,Non-binary,113506,Doctor,Suburban,29,10,1907.1,Clothing,72,7,Positive,24,5.14,9
56,Female,140667,Student,Rural,7,9,302.75,Beauty,68,13,Positive,162,9.95,8
58,Female,20134,Retail,Rural,42,11,822.06,Grocery,66,38,Negative,177,1.79,3
20,Non-binary,126132,Student,Suburban,9,8,1195.37,Beauty,9,5,Negative,134,5.48,6
19,Female,146751,Student,Rural,35,10,1539.22,Electronics,99,40,Negative,58,8.34,6
32,Female,64497,Retail,Suburban,43,4,1248.45,Electronics,50,43,Positive,108,8.83,2
35,Female,57258,Engineer,Suburban,30,10,920.87,Furniture,57,24,Neutral,78,10.92,7
20,Non-binary,39402,Doctor,Urban,38,5,1385.09,Electronics,39,38,Negative,106,9.26,5
61,Female,121623,Retail,Rural,37,2,509.84,Clothing,31,3,Neutral,149,8.16,9
68,Female,83412,Teacher,Suburban,43,1,670.02,Clothing,95,47,Positive,180,8.59,2
19,Female,24015,Engineer,Rural,34,8,1894.1,Clothing,34,15,Negative,174,11.15,4
23,Male,112343,Teacher,Urban,44,9,1942.81,Clothing,59,8,Positive,114,6.65,5
54,Male,131296,Engineer,Suburban,31,1,1453.2,Beauty,1,23,Neutral,127,4.17,3
62,Female,96137,Teacher,Urban,11,4,707.32,Electronics,23,20,Positive,145,2.26,8
59,Male,143877,Retail,Urban,22,3,304.12,Clothing,4,27,Positive,61,12.53,5
65,Non-binary,70902,Retail,Urban,17,7,663.58,Grocery,53,32,Negative,13,2.83,7
65,Non-binary,131914,Unemployed,Rural,10,2,1569.84,Beauty,63,46,Positive,66,8.99,9
19,Female,36651,Teacher,Urban,12,8,1517.52,Furniture,20,23,Neutral,123,11.26,1
67,Male,22975,Engineer,Urban,5,3,527.79,Furniture,53,13,Negative,137,7.69,5
44,Non-binary,44531,Retail,Suburban,45,4,1201.78,Electronics,97,6,Positive,102,7.95,6
54,Male,73188,Retail,Urban,41,4,250.97,Electronics,71,19,Neutral,29,4.5,9
67,Non-binary,134427,Retail,Rural,1,1,649.62,Furniture,5,0,Negative,181,3.7,7
38,Male,47827,Unemployed,Urban,30,3,961.94,Grocery,50,30,Negative,99,13.62,4
53,Non-binary,38658,Engineer,Suburban,13,2,783.72,Clothing,71,37,Negative,22,13.55,6
20,Male,56385,Teacher,Rural,15,11,249.01,Clothing,33,25,Negative,63,3.55,4
61,Female,36398,Teacher,Suburban,34,4,1661.66,Electronics,47,32,Neutral,187,1.79,7
21,Non-binary,130204,Doctor,Rural,37,6,1136.67,Furniture,6,8,Negative,73,9.81,3
61,Male,26196,Teacher,Urban,32,7,1819.62,Electronics,14,21,Positive,142,9.92,7
33,Female,68880,Unemployed,Urban,47,1,809.16,Beauty,31,11,Neutral,123,11.47,5
48,Non-binary,105655,Engineer,Urban,9,2,1210.58,Electronics,4,28,Negative,16,10.63,6
25,Male,120831,Unemployed,Rural,49,1,1498.2,Clothing,71,10,Negative,165,6.71,6
43,Non-binary,58408,Unemployed,Urban,1,5,1383.68,Electronics,2,26,Neutral,56,6.6,7
42,Non-binary,117951,Engineer,Urban,44,7,1371.03,Furniture,73,28,Negative,13,3.64,1
58,Non-binary,131207,Retail,Rural,33,11,1467.54,Clothing,16,29,Neutral,185,2.63,7
37,Male,95146,Unemployed,Rural,19,5,702.01,Clothing,53,37,Positive,84,4.06,5
42,Non-binary,69724,Retail,Urban,32,10,287.18,Grocery,44,34,Positive,159,12.09,8
53,Non-binary,79754,Doctor,Rural,13,5,1101.25,Clothing,77,20,Negative,3,11.65,9
38,Male,139424,Doctor,Suburban,37,4,1792.12,Electronics,48,12,Positive,137,12.21,7
50,Female,65778,Unemployed,Suburban,1,9,1796.89,Grocery,51,16,Positive,4,0.86,2
31,Non-binary,103517,Unemployed,Urban,23,8,1753.9,Electronics,26,4,Neutral,30,4.77,7
37,Male,80366,Student,Suburban,17,4,1870.02,Clothing,40,36,Positive,98,9.3,9
40,Female,22626,Engineer,Suburban,22,4,731.04,Furniture,56,41,Negative,118,12.31,3
39,Non-binary,115885,Engineer,Rural,5,7,1211.09,Beauty,93,4,Neutral,120,14.16,4
23,Non-binary,84877,Teacher,Suburban,20,1,1653.51,Electronics,56,36,Negative,151,12.51,3
62,Non-binary,95457,Unemployed,Suburban,19,9,25,Beauty,7,33,Positive,179,8.81,7
53,Female,52017,Student,Rural,17,8,669.03,Electronics,6,49,Neutral,65,1.37,1
57,Male,34202,Student,Urban,44,2,378.35,Electronics,20,25,Positive,44,1.13,3
47,Male,97432,Engineer,Suburban,36,5,1023.98,Electronics,91,26,Positive,109,14.93,4
18,Female,100586,Retail,Rural,18,3,1951.75,Clothing,67,15,Positive,144,1.95,5
23,Female,132779,Unemployed,Rural,11,2,1689.56,Furniture,62,49,Positive,198,3.71,7
58,Male,128960,Teacher,Suburban,36,7,280.5,Beauty,71,45,Neutral,48,5.33,6
32,Male,141917,Unemployed,Suburban,32,8,347.06,Beauty,48,5,Negative,6,13.42,9
69,Female,27512,Doctor,Suburban,12,11,999.52,Clothing,14,39,Negative,118,14.97,5
46,Female,108379,Engineer,Suburban,30,5,1697.3,Clothing,68,31,Neutral,25,2.98,5
58,Female,72568,Student,Rural,13,6,298.24,Furniture,73,14,Neutral,5,5.97,4
41,Male,34283,Unemployed,Urban,49,4,1595.2,Clothing,55,37,Neutral,170,1.33,8
61,Non-binary,65435,Retail,Rural,47,8,1965.44,Furniture,31,36,Positive,185,4.45,9
20,Non-binary,51761,Unemployed,Urban,16,5,1566.24,Clothing,70,30,Negative,125,12.22,6
50,Non-binary,70306,Teacher,Rural,7,2,912.5,Grocery,44,15,Neutral,17,14.37,5
33,Female,82827,Retail,Urban,19,7,1353.61,Furniture,92,15,Neutral,134,5.8,8
23,Male,53591,Retail,Suburban,29,10,754.8,Grocery,36,5,Positive,110,1.83,8
42,Male,100147,Teacher,Urban,23,5,1099.08,Grocery,77,9,Neutral,9,8.19,6
65,Non-binary,59308,Unemployed,Urban,16,2,574.72,Clothing,66,7,Positive,165,3.6,9
46,Male,45052,Doctor,Urban,17,3,1173.58,Furniture,79,19,Positive,128,3.8,9
55,Non-binary,75280,Doctor,Urban,17,6,521.37,Beauty,10,16,Positive,113,9.36,5
54,Female,96711,Teacher,Rural,22,11,417.95,Electronics,30,12,Positive,7,13.66,9
32,Male,57176,Unemployed,Rural,15,6,359.62,Furniture,91,10,Negative,32,14.72,7
29,Non-binary,125523,Student,Rural,2,8,387.69,Beauty,32,24,Neutral,92,3.18,5
55,Non-binary,144231,Student,Suburban,49,4,1034.74,Furniture,61,35,Negative,46,3.07,6
41,Male,30512,Retail,Rural,46,10,902.45,Beauty,49,35,Negative,187,11.11,4
59,Non-binary,112902,Engineer,Rural,37,9,1676.7,Clothing,31,46,Positive,104,4.18,6
39,Female,82067,Teacher,Rural,11,11,677.56,Beauty,32,44,Negative,40,10,1
51,Female,72490,Unemployed,Urban,4,4,1786.74,Electronics,35,11,Negative,189,1.22,9
53,Non-binary,119047,Engineer,Rural,24,7,1080.21,Furniture,92,12,Neutral,132,3.27,4
36,Non-binary,110952,Engineer,Rural,29,1,1082.41,Clothing,91,3,Positive,150,10.15,8
41,Male,105310,Student,Urban,30,3,1961.94,Beauty,39,33,Negative,22,2.26,3
47,Non-binary,34792,Unemployed,Urban,1,11,1685.58,Beauty,89,39,Positive,0,6.28,8
31,Male,109721,Retail,Urban,6,8,1356.93,Grocery,5,28,Negative,16,4.32,6
49,Male,72556,Doctor,Rural,34,4,1265.68,Clothing,57,33,Neutral,40,13.47,4
34,Male,127583,Retail,Urban,15,10,1601.7,Electronics,60,45,Positive,26,0.52,2
21,Non-binary,58820,Teacher,Urban,43,10,1624.68,Beauty,27,36,Positive,77,1.18,3
36,Non-binary,119009,Engineer,Suburban,14,3,1936.6,Beauty,29,18,Neutral,91,2.01,2
62,Non-binary,88588,Engineer,Rural,41,11,1866.43,Clothing,87,49,Negative,90,6.52,1
38,Female,86309,Student,Rural,6,6,1384.42,Beauty,21,33,Neutral,92,5.03,4
53,Non-binary,140081,Student,Urban,5,5,1567.57,Electronics,66,32,Negative,123,12.8,5
60,Non-binary,55387,Unemployed,Suburban,48,2,485.54,Electronics,7,35,Neutral,153,11.66,3
29,Male,99074,Retail,Rural,41,5,574.91,Grocery,34,10,Positive,41,1.98,4
39,Non-binary,102364,Engineer,Suburban,11,8,791.77,Beauty,44,20,Positive,72,10.99,6
51,Male,27637,Student,Suburban,24,4,925.69,Furniture,0,12,Neutral,79,0.84,9
21,Male,34926,Teacher,Suburban,18,10,384.98,Electronics,48,19,Positive,144,13.09,7
40,Non-binary,64677,Teacher,Rural,40,9,231.53,Clothing,23,0,Neutral,115,6.42,1
66,Non-binary,127714,Engineer,Urban,3,4,605.82,Furniture,90,32,Negative,2,3.57,8
51,Non-binary,129524,Doctor,Rural,31,5,499.99,Grocery,93,45,Negative,177,13.77,8
32,Female,50224,Student,Suburban,29,2,227.31,Clothing,31,49,Negative,95,6.64,4
44,Female,58808,Doctor,Urban,45,4,1065.47,Clothing,5,41,Neutral,111,10.96,1
36,Female,55113,Engineer,Suburban,26,3,1590.55,Furniture,65,7,Negative,81,7.51,7
39,Non-binary,68312,Doctor,Suburban,3,10,894.52,Electronics,39,6,Positive,186,0.82,4
18,Female,23168,Retail,Rural,31,11,111.9,Beauty,13,31,Positive,138,7.22,1
51,Female,114159,Unemployed,Urban,26,6,1502.67,Furniture,99,34,Neutral,30,10.83,2
67,Male,60122,Teacher,Suburban,15,8,190.05,Grocery,53,29,Neutral,63,0.81,8
59,Female,138550,Engineer,Rural,46,11,246.31,Grocery,50,34,Negative,56,12.95,6
63,Non-binary,82279,Unemployed,Urban,34,1,626.95,Beauty,61,48,Neutral,36,13.26,5
38,Male,105700,Unemployed,Urban,36,3,1372.2,Grocery,78,25,Neutral,92,8.75,2
19,Non-binary,55651,Engineer,Urban,24,9,1726.65,Grocery,55,24,Neutral,39,1.65,6
18,Male,97281,Unemployed,Rural,40,6,516.35,Clothing,25,49,Neutral,33,11.31,6
25,Non-binary,104490,Unemployed,Suburban,35,6,344.6,Electronics,13,21,Neutral,158,10.42,6
44,Female,64776,Engineer,Rural,42,3,792.18,Clothing,93,13,Positive,19,13.19,5
19,Non-binary,52538,Teacher,Rural,18,7,303.29,Beauty,61,24,Neutral,105,1.75,6
20,Female,37016,Engineer,Urban,16,4,357.9,Clothing,94,37,Negative,196,10.59,3
37,Male,71152,Retail,Rural,5,3,598.55,Electronics,90,6,Negative,161,10.38,5
42,Non-binary,46094,Unemployed,Suburban,28,6,849.99,Grocery,59,11,Negative,181,9.65,8
18,Male,66101,Doctor,Urban,3,2,86.79,Clothing,79,10,Neutral,155,5.64,3
34,Male,124169,Student,Urban,11,11,1778.98,Grocery,69,25,Negative,30,3.59,7
67,Non-binary,97034,Retail,Urban,25,10,1616.14,Grocery,76,24,Neutral,125,1.96,1
49,Female,81454,Retail,Urban,48,1,304.81,Electronics,56,49,Neutral,150,9.21,6
58,Female,139781,Student,Suburban,29,11,589.66,Electronics,59,42,Negative,77,13.69,4
69,Male,35436,Teacher,Suburban,20,2,613.14,Electronics,35,19,Negative,100,0.72,4
58,Male,28074,Teacher,Urban,16,5,1753.26,Beauty,57,27,Negative,33,11.12,7
29,Non-binary,48185,Engineer,Urban,6,7,1681.77,Grocery,49,14,Positive,3,7.17,7
67,Non-binary,98655,Unemployed,Rural,13,8,1693.51,Furniture,33,28,Neutral,6,1.41,7
68,Non-binary,28101,Retail,Rural,17,8,1851.44,Clothing,70,13,Negative,150,14.94,4
50,Non-binary,23683,Doctor,Suburban,30,7,1574.75,Grocery,2,24,Negative,114,11.29,1
29,Non-binary,54491,Engineer,Urban,30,6,566.74,Clothing,89,5,Neutral,38,10.48,4
30,Male,74579,Engineer,Suburban,1,1,444.25,Grocery,34,27,Neutral,124,6.31,7
62,Male,87429,Engineer,Suburban,10,2,256.45,Clothing,90,10,Negative,32,4.9,5
22,Male,137150,Doctor,Rural,12,1,602.61,Beauty,32,31,Neutral,83,4.85,3
52,Non-binary,128447,Teacher,Rural,14,10,1408.81,Furniture,55,25,Negative,78,6.2,3
60,Non-binary,20440,Doctor,Rural,42,7,1232.52,Beauty,85,27,Positive,167,14.21,9
38,Female,87270,Unemployed,Rural,6,6,590.61,Beauty,10,12,Positive,44,0.98,8
69,Female,74292,Engineer,Urban,19,11,988.74,Electronics,18,46,Negative,188,6.99,3
59,Non-binary,107377,Engineer,Rural,12,11,677.54,Grocery,59,40,Positive,181,12.98,3
69,Male,59823,Student,Rural,8,3,1693.92,Grocery,91,38,Negative,2,0.55,7
59,Non-binary,73899,Unemployed,Suburban,16,6,1172.98,Electronics,59,32,Neutral,159,8.59,3
51,Female,38389,Student,Urban,18,5,1862.37,Furniture,55,8,Neutral,77,12.82,5
60,Non-binary,141803,Unemployed,Suburban,3,5,1676.56,Beauty,75,24,Neutral,11,6.49,5
19,Female,56207,Retail,Rural,41,4,180.28,Clothing,9,34,Positive,38,2.51,3
67,Non-binary,32676,Student,Rural,9,11,523.09,Grocery,28,11,Neutral,136,9.6,9
24,Male,39354,Doctor,Rural,11,6,833.36,Beauty,36,16,Neutral,177,11.1,7
52,Male,45954,Retail,Urban,47,4,175.16,Beauty,97,27,Negative,91,2.9,2
65,Male,116882,Unemployed,Suburban,32,10,866.09,Clothing,26,13,Negative,190,10.33,9
25,Non-binary,34885,Engineer,Rural,44,1,334.39,Beauty,17,4,Neutral,6,11.77,8
50,Female,42353,Doctor,Suburban,26,3,1373.17,Furniture,26,34,Positive,189,11.45,1
64,Male,40014,Teacher,Rural,45,6,304.8,Furniture,39,1,Neutral,51,13.35,8
60,Male,35315,Doctor,Suburban,1,10,135.92,Furniture,23,28,Negative,123,8.58,9
34,Non-binary,37323,Doctor,Urban,35,1,1380.83,Electronics,0,48,Neutral,112,13.74,6
41,Male,67128,Engineer,Rural,4,11,714.54,Grocery,91,24,Positive,109,0.68,3
52,Male,77467,Doctor,Rural,30,4,787.06,Electronics,33,34,Negative,60,8.47,2
65,Female,100605,Engineer,Suburban,33,4,1486.84,Grocery,49,32,Negative,2,2.32,3
54,Male,35074,Student,Suburban,38,10,1044.54,Beauty,64,15,Neutral,110,8.59,6
19,Female,77689,Engineer,Suburban,31,8,597.6,Clothing,66,6,Neutral,0,1.41,6
46,Female,28129,Teacher,Suburban,23,7,364.65,Furniture,56,15,Negative,61,2.9,5
60,Male,36491,Unemployed,Urban,12,6,1926.6,Grocery,1,9,Negative,46,10.71,4
69,Male,95506,Doctor,Urban,48,4,1967.04,Beauty,73,5,Positive,37,6.36,2
51,Male,86109,Doctor,Suburban,27,3,405.73,Electronics,39,3,Negative,29,9.56,1
41,Male,145346,Student,Rural,48,2,215.47,Clothing,18,11,Positive,127,2.56,6
23,Male,114646,Doctor,Rural,37,1,294.91,Beauty,75,5,Negative,136,5.92,7
60,Female,63283,Engineer,Suburban,28,3,505.51,Beauty,92,33,Positive,23,1.09,7
20,Non-binary,61202,Retail,Suburban,11,8,966.09,Grocery,39,3,Negative,5,9.25,1
21,Male,122789,Student,Rural,33,2,580.27,Electronics,22,30,Negative,81,4.93,1
65,Female,100221,Unemployed,Urban,14,1,1865.58,Clothing,15,9,Neutral,29,7.2,3
31,Female,38158,Retail,Urban,33,2,1758.99,Grocery,83,44,Positive,57,11.96,4
22,Male,81843,Doctor,Suburban,10,11,293.72,Clothing,35,17,Neutral,23,14.08,5
60,Female,50023,Engineer,Urban,7,5,886.4,Beauty,94,20,Neutral,159,1.37,1
64,Female,103482,Doctor,Rural,21,7,1317.31,Grocery,1,0,Negative,50,10.83,9
33,Male,101263,Doctor,Rural,25,10,1443.44,Grocery,96,39,Negative,1,6.25,6
33,Female,29291,Retail,Urban,29,7,720.41,Beauty,22,17,Neutral,1,12.74,2
31,Non-binary,101151,Doctor,Urban,23,3,1051.72,Electronics,83,26,Positive,69,13.57,2
59,Male,42593,Teacher,Urban,33,9,1860,Furniture,45,27,Neutral,27,8.53,1
42,Male,29272,Teacher,Suburban,28,3,1047.13,Grocery,45,6,Neutral,169,13.13,6
54,Male,115275,Unemployed,Rural,45,10,1391.69,Beauty,54,48,Negative,145,5.76,5
67,Male,124359,Teacher,Suburban,38,10,121.45,Furniture,85,24,Positive,166,6.8,2
47,Female,85790,Doctor,Suburban,3,5,1976.64,Furniture,65,26,Positive,65,4.69,9
45,Female,26281,Unemployed,Rural,47,2,1091.23,Electronics,53,28,Neutral,125,12.23,8
19,Female,38196,Engineer,Rural,44,6,175.64,Beauty,3,30,Neutral,106,11.91,5
52,Male,67055,Student,Suburban,13,2,1377.91,Clothing,21,12,Positive,104,12.4,8
52,Non-binary,115549,Unemployed,Suburban,16,5,1581.73,Grocery,5,28,Positive,169,1.36,5
56,Female,111456,Teacher,Urban,5,7,763.02,Clothing,96,44,Negative,167,1.36,1
68,Non-binary,74998,Teacher,Rural,42,3,1301.39,Furniture,18,8,Negative,105,12.93,2
24,Non-binary,117386,Engineer,Urban,23,7,388.96,Grocery,96,22,Negative,64,1.49,3
22,Non-binary,105337,Engineer,Urban,22,1,886.92,Grocery,81,29,Neutral,136,14.62,9
34,Female,43099,Engineer,Suburban,36,1,1027.54,Furniture,8,34,Negative,34,5.6,2
47,Female,83040,Unemployed,Urban,38,5,838,Beauty,32,2,Positive,1,10.82,7
62,Female,122764,Retail,Urban,5,2,1486.39,Beauty,42,11,Negative,58,7.89,5
54,Female,66741,Teacher,Suburban,49,3,1103.22,Grocery,83,15,Negative,127,14.18,8
41,Female,135800,Doctor,Rural,39,8,945.16,Beauty,21,46,Positive,172,9.98,4
18,Female,136339,Unemployed,Rural,34,7,1245.85,Grocery,95,14,Positive,198,4.33,6
65,Non-binary,31261,Engineer,Rural,44,10,944.68,Beauty,9,42,Positive,31,12.85,8
66,Male,139230,Engineer,Urban,48,11,655.37,Grocery,25,11,Positive,30,1.06,7
19,Non-binary,25052,Student,Suburban,27,10,349.59,Furniture,30,39,Positive,169,6.34,2
28,Non-binary,128092,Unemployed,Suburban,7,8,1364.7,Electronics,68,38,Neutral,144,2.56,9
36,Female,93535,Engineer,Suburban,48,10,514.11,Electronics,22,42,Negative,116,5.62,1
54,Female,21912,Engineer,Rural,25,4,1405.78,Furniture,96,35,Neutral,133,11.67,6
51,Male,65717,Unemployed,Urban,8,8,532.22,Electronics,41,41,Positive,49,2.95,9
48,Female,23915,Student,Suburban,17,8,1082.17,Furniture,78,36,Negative,30,3.27,8
41,Female,140822,Doctor,Suburban,8,10,417.17,Furniture,83,6,Neutral,19,13.46,7
31,Male,32835,Unemployed,Suburban,10,9,619.77,Beauty,37,5,Positive,65,11.25,6
29,Male,92991,Teacher,Rural,38,4,766.49,Electronics,55,11,Neutral,45,8.04,8
25,Male,23536,Engineer,Rural,6,9,1270.23,Beauty,68,27,Negative,199,7.01,1
43,Non-binary,96227,Unemployed,Suburban,4,7,1893.15,Beauty,13,19,Negative,36,13.65,7
67,Male,143816,Retail,Rural,11,8,1126.38,Electronics,89,48,Negative,108,5.16,3
39,Female,37714,Unemployed,Suburban,1,2,734.33,Furniture,85,44,Negative,135,6.66,2
51,Male,54841,Retail,Urban,9,9,388.45,Grocery,73,25,Neutral,192,2.1,7
26,Male,62041,Student,Suburban,36,7,713.59,Furniture,27,16,Neutral,61,0.54,8
21,Non-binary,115269,Teacher,Suburban,16,11,1811.62,Clothing,47,22,Positive,182,9.48,8
27,Non-binary,119018,Doctor,Rural,9,3,201.21,Clothing,98,22,Positive,133,13,9
19,Female,111289,Retail,Urban,16,9,1243.41,Clothing,49,46,Positive,2,0.72,2
31,Female,29230,Retail,Suburban,47,3,935.51,Clothing,56,17,Neutral,132,1.22,6
33,Female,80429,Unemployed,Rural,9,11,276.22,Grocery,69,35,Negative,92,1.58,3
54,Male,43793,Unemployed,Rural,29,6,1282.33,Furniture,99,10,Negative,198,6.14,9
61,Male,41913,Unemployed,Suburban,35,11,982.11,Electronics,87,31,Positive,146,12.92,9
25,Non-binary,109764,Retail,Urban,7,11,1044.68,Furniture,47,2,Negative,126,2.17,3
61,Male,52354,Doctor,Urban,36,3,646.6,Electronics,50,20,Positive,108,13.94,6
35,Female,37643,Engineer,Urban,33,2,1305.14,Furniture,88,16,Positive,118,10.75,6
22,Male,92212,Student,Urban,39,3,1520.68,Beauty,7,43,Neutral,17,11.43,2
64,Non-binary,84937,Retail,Rural,27,4,1547.77,Electronics,57,26,Positive,45,11.77,5
25,Non-binary,121806,Doctor,Suburban,33,1,1117.62,Grocery,91,22,Negative,123,1.24,5
23,Male,26629,Teacher,Suburban,20,11,1919.18,Grocery,50,32,Positive,87,3.64,6
31,Female,67330,Doctor,Suburban,8,1,1843.1,Clothing,62,32,Neutral,3,9.92,6
55,Female,78390,Doctor,Urban,33,7,831.19,Clothing,98,41,Negative,43,3.73,4
64,Female,128369,Retail,Suburban,5,11,1848.84,Beauty,85,39,Negative,146,6.53,6
34,Male,148820,Doctor,Urban,2,1,469.38,Beauty,34,42,Positive,148,8.96,3
38,Female,120692,Teacher,Rural,37,1,1596.84,Furniture,97,43,Neutral,123,12.6,3
44,Non-binary,145733,Doctor,Rural,41,1,428.85,Furniture,27,2,Neutral,90,3.99,2
26,Female,80639,Teacher,Rural,9,6,1103.38,Furniture,1,1,Negative,192,8.28,3
57,Female,69082,Engineer,Urban,15,2,1208.15,Beauty,21,46,Neutral,143,10.01,5
47,Female,69162,Doctor,Urban,17,3,390.71,Beauty,70,33,Neutral,160,8.52,2
64,Female,84473,Engineer,Urban,23,2,787.45,Furniture,68,33,Positive,49,1.95,6
62,Female,100894,Doctor,Urban,10,2,261.04,Electronics,81,26,Positive,106,6.79,7
43,Female,97803,Engineer,Urban,13,8,1849.88,Beauty,13,27,Positive,48,9.81,3
66,Female,127417,Teacher,Rural,22,4,942.67,Beauty,88,47,Positive,96,4.58,8
41,Male,28800,Teacher,Suburban,12,11,762.52,Clothing,56,47,Neutral,185,2.28,8
31,Non-binary,86216,Engineer,Urban,17,11,505.49,Beauty,16,9,Negative,176,6.07,2
35,Female,46517,Unemployed,Suburban,32,6,1314.55,Beauty,54,35,Neutral,155,13.43,5
36,Female,23315,Teacher,Rural,37,7,872.39,Beauty,20,48,Positive,6,11.26,3
28,Female,20042,Unemployed,Rural,40,8,1897.2,Furniture,26,44,Negative,70,4.36,2
32,Female,68443,Doctor,Suburban,44,4,732.44,Clothing,40,39,Positive,24,9.62,2
32,Female,54455,Teacher,Urban,7,7,1142.77,Electronics,93,35,Neutral,158,3,3
23,Female,77573,Engineer,Urban,10,6,1398.43,Beauty,69,5,Neutral,79,10.95,8
43,Male,117765,Engineer,Suburban,18,7,41.51,Beauty,55,20,Positive,179,8.27,5
58,Female,98937,Retail,Suburban,5,9,1078.34,Beauty,94,25,Positive,45,7.2,5
37,Non-binary,110533,Engineer,Rural,29,7,943.11,Furniture,43,37,Neutral,114,4.8,7
23,Non-binary,57187,Unemployed,Rural,26,10,450.75,Furniture,90,21,Neutral,186,10.32,6
36,Female,140233,Unemployed,Urban,7,10,237.48,Furniture,92,40,Positive,182,4.72,4
31,Male,111279,Retail,Rural,15,6,1704.5,Grocery,99,14,Neutral,138,6.44,8
18,Non-binary,113395,Retail,Suburban,47,11,664.59,Grocery,55,5,Neutral,2,14.38,2
62,Male,112346,Doctor,Suburban,49,11,1095.43,Electronics,3,35,Neutral,113,12.22,4
45,Female,104027,Unemployed,Suburban,1,8,1372.95,Electronics,27,33,Negative,22,1.5,5
35,Non-binary,125324,Doctor,Rural,38,4,888.24,Beauty,36,41,Neutral,160,10.67,6
32,Male,133593,Engineer,Urban,42,4,1807.03,Furniture,19,39,Negative,9,12.55,3
21,Male,40015,Teacher,Urban,9,6,1827.07,Clothing,93,40,Positive,79,7.94,6
45,Male,128525,Student,Urban,41,1,1774.52,Clothing,89,0,Neutral,31,12.32,7
54,Non-binary,136977,Retail,Rural,9,7,933.52,Clothing,30,40,Negative,112,5.92,3
19,Female,120463,Unemployed,Rural,35,3,1730.55,Furniture,41,22,Neutral,81,4.38,4
27,Non-binary,41863,Engineer,Urban,28,6,251.11,Furniture,60,48,Neutral,9,2.5,5
21,Non-binary,41375,Unemployed,Suburban,28,1,926.31,Grocery,13,47,Positive,39,8.85,7
42,Male,124609,Engineer,Rural,20,7,1864.71,Electronics,29,4,Neutral,155,14.42,5
56,Male,147328,Unemployed,Rural,17,10,23.69,Clothing,5,45,Positive,24,4.75,2
38,Male,134893,Engineer,Suburban,23,10,686.46,Beauty,69,6,Positive,51,2.99,7
61,Male,78350,Engineer,Rural,32,2,813.71,Beauty,16,19,Neutral,11,1.33,7
62,Female,62192,Engineer,Suburban,35,7,729.98,Electronics,5,7,Neutral,119,8.59,7
66,Non-binary,148944,Retail,Urban,11,4,1507.34,Furniture,32,20,Positive,13,4.67,9
21,Female,82802,Teacher,Suburban,15,8,1850.55,Clothing,74,49,Neutral,89,5.72,1
57,Female,99842,Doctor,Rural,13,3,1512.68,Grocery,86,36,Positive,115,10.2,7
67,Male,28108,Retail,Suburban,42,2,987.92,Clothing,96,27,Neutral,96,13.76,1
63,Female,116928,Retail,Urban,14,1,671.35,Furniture,52,44,Negative,4,13.05,7
24,Non-binary,51265,Retail,Rural,17,10,52.97,Beauty,2,21,Positive,116,10.93,2
69,Male,74108,Student,Urban,13,10,302.57,Furniture,56,29,Positive,48,12.01,2
43,Female,35499,Doctor,Urban,32,5,1574.33,Grocery,86,13,Neutral,141,12.7,7
46,Male,70241,Student,Urban,30,5,1498.04,Beauty,42,23,Negative,41,8.35,6
53,Non-binary,99355,Engineer,Suburban,44,7,545.84,Clothing,23,25,Neutral,113,1.61,2
52,Female,129839,Engineer,Rural,41,1,871.16,Grocery,13,4,Positive,155,6.07,3
48,Male,53920,Doctor,Rural,35,8,980.49,Electronics,55,23,Positive,66,12.41,8
57,Female,132459,Doctor,Suburban,41,11,1810.08,Clothing,66,24,Neutral,138,14.99,1
67,Male,47988,Unemployed,Suburban,23,10,815.03,Clothing,72,27,Positive,172,13.98,9
59,Male,94372,Student,Rural,28,2,179.25,Furniture,7,9,Positive,32,3.49,4
46,Female,146918,Student,Suburban,12,5,1927.79,Grocery,54,10,Positive,52,1.64,7
64,Male,66692,Engineer,Urban,20,7,1969.88,Grocery,83,33,Neutral,53,1.39,8
25,Female,135184,Student,Rural,3,9,391.08,Electronics,8,20,Positive,121,11.7,5
38,Non-binary,66871,Retail,Rural,25,11,512.56,Grocery,36,10,Positive,25,14.26,3
19,Female,148262,Engineer,Suburban,39,5,1892.77,Grocery,19,28,Neutral,194,12.81,8
34,Male,79583,Engineer,Urban,46,3,1632.92,Furniture,36,19,Negative,101,8.59,8
29,Male,45202,Doctor,Urban,49,8,499.64,Beauty,64,28,Neutral,87,5.08,6
20,Non-binary,39103,Unemployed,Urban,23,2,1790.66,Beauty,50,20,Negative,44,5.18,1
41,Male,42813,Engineer,Urban,34,7,1133.99,Clothing,48,41,Negative,152,3.3,5
22,Female,120839,Doctor,Urban,21,8,1355.65,Beauty,0,12,Negative,171,13.31,4
46,Non-binary,41539,Teacher,Urban,20,10,230.89,Clothing,72,45,Neutral,113,8.31,2
45,Female,87502,Student,Urban,49,10,1189.97,Clothing,12,43,Negative,170,9.93,3
29,Female,104206,Teacher,Suburban,15,11,1919.86,Furniture,32,34,Negative,186,7.27,2
44,Male,84847,Unemployed,Urban,37,3,347.29,Beauty,89,21,Negative,19,8.49,4
37,Male,113897,Student,Suburban,21,9,709.51,Furniture,2,2,Negative,158,13.74,6
30,Non-binary,104641,Engineer,Urban,46,3,1590.62,Clothing,61,14,Positive,91,14.44,1
66,Male,137848,Teacher,Urban,1,11,1196.89,Grocery,71,14,Positive,92,1.42,6
19,Male,91328,Retail,Rural,37,10,370.67,Grocery,12,21,Negative,10,14.73,8
68,Male,93645,Engineer,Urban,15,10,313.65,Clothing,71,1,Positive,50,12.41,5
49,Female,88462,Unemployed,Urban,19,5,1720,Furniture,57,49,Neutral,161,13.08,1
31,Male,49901,Unemployed,Urban,35,2,500.84,Clothing,71,33,Neutral,171,5.15,4
58,Non-binary,58026,Doctor,Rural,39,4,861.86,Electronics,88,49,Positive,84,10.41,7
41,Non-binary,87465,Doctor,Rural,45,7,887.64,Electronics,34,38,Negative,84,3.96,7
51,Non-binary,109560,Unemployed,Urban,29,11,836.45,Furniture,19,8,Negative,145,9.71,9
28,Female,54909,Doctor,Urban,8,3,302.45,Grocery,36,16,Negative,198,0.52,8
53,Male,75147,Engineer,Rural,13,3,1493.63,Beauty,16,41,Neutral,199,9.16,1
21,Non-binary,110966,Unemployed,Suburban,16,7,1789.25,Clothing,73,48,Positive,129,1.12,1
48,Non-binary,37197,Unemployed,Rural,12,2,653.05,Clothing,27,2,Positive,115,10.3,5
35,Female,64578,Retail,Suburban,44,6,706.96,Clothing,59,45,Negative,1,1.87,2
56,Male,82866,Student,Suburban,36,5,979.01,Beauty,92,39,Positive,67,8.16,1
38,Male,115891,Doctor,Rural,18,10,39.23,Grocery,19,12,Positive,178,7.1,2
62,Male,61647,Teacher,Suburban,22,10,1325.79,Electronics,97,42,Negative,193,12.45,3
19,Male,70546,Unemployed,Suburban,14,3,1909.02,Clothing,92,33,Negative,68,10,2
34,Male,105779,Student,Rural,47,6,793.25,Clothing,79,44,Negative,45,12.45,7
67,Female,138625,Student,Urban,13,1,435.99,Electronics,21,38,Negative,22,1.38,2
56,Male,73092,Doctor,Rural,41,7,385.91,Clothing,14,3,Positive,180,5.7,4
63,Non-binary,48370,Retail,Rural,22,2,897.76,Grocery,65,44,Negative,150,6.59,9
34,Female,134019,Doctor,Suburban,4,5,1507.28,Furniture,0,10,Positive,145,9.45,5
37,Female,133155,Retail,Urban,20,8,1478.91,Beauty,40,30,Negative,91,11.36,2
21,Male,101530,Doctor,Rural,29,11,834.88,Electronics,8,13,Negative,46,10.17,8
26,Female,81467,Retail,Rural,42,11,510.97,Furniture,37,21,Neutral,63,1.17,4
33,Non-binary,27564,Doctor,Urban,16,6,846.82,Beauty,43,32,Positive,66,8.08,5
30,Non-binary,66242,Doctor,Suburban,29,11,1282.34,Beauty,52,12,Positive,126,14.41,1
46,Non-binary,53857,Retail,Urban,13,3,811.8,Furniture,41,33,Positive,128,2.19,9
18,Male,54462,Engineer,Rural,29,5,1678.47,Clothing,89,48,Neutral,127,11.33,1
65,Male,84321,Engineer,Suburban,47,4,1923.03,Furniture,48,29,Negative,80,10.55,1
38,Female,124348,Retail,Urban,9,7,884.83,Furniture,20,5,Negative,172,14.2,9
